candidate_id,company_name,company_domain,company_website,linkedin_url,recency_bucket,stage_bucket,ground_truth_stage,ground_truth_announced_on,ground_truth_amount,ground_truth_currency,ground_truth_total_raised,official_source_url,official_source_kind,official_source_publisher,official_published_at,evidence_confidence,evidence_quote,review_status
transition_01cdcdd0554ed3d2b753ea4f8704890a,Tanis Brush,tanisbrush.com,tanisbrush.com,https://www.linkedin.com/company/tanis,31_90_days,later_stage,Private Equity,2026-05-20,,,,https://www.businesswire.com,company_issued_wire,Business Wire,2026-05-20,high,"GreyLion Partners LP (“GreyLion”), a leading U.S. private equity firm focused on high-growth businesses, today announced a new partnership and strategic investment in Tanis Brush... Terms of the transaction were not disclosed.",research_confirmed_pending_human_validation
transition_01f45da4cb09cb592f7954af86e4942a,Rad AI,radai.com,radai.com,https://www.linkedin.com/company/radai,3_24_months,later_stage,series_c,2025-05-20,8000000,USD,,https://www.radai.com/press-releases/rad-ai-announces-strategic-investments-from-four-leading-health-systems-to-advance-enterprise-ai-in-healthcare,company_newsroom,Rad AI,2025-05-20,high,Rad AI today announced an additional $8 million strategic investment to its latest funding round... The additional investment brings Rad AI's total Series C funding to $68 million.,research_confirmed_pending_human_validation
transition_0314c7ae2c9e16ea1ba3a21c585ece5b,Unleash,getunleash.io,getunleash.io,https://www.linkedin.com/company/getunleash,3_24_months,series_b,series_b,2026-03-04,35000000,USD,51500000,https://www.businesswire.com/,company_issued_wire,Business Wire,2026-03-04,high,"Unleash, the open-source FeatureOps company, today announced a $35 million Series B financing led by One Peak... The Series B brings Unleash's total funding to $51.5M.",research_confirmed_pending_human_validation
transition_03fa40d2e7f4404e606ad5eb0547f03f,KUANTOM,kuantom.com,kuantom.com,https://www.linkedin.com/company/kuantom,3_24_months,series_a,Series A,2025-01-13,5000000,EUR,,https://socadif.fr,investor_announcement,SOCADIF,2025-01-13,high,"KUANTOM, créateur d'une solution innovante de cocktails pour les professionnels, annonce une levée de fonds de 5 millions d'euros, combinant capital et dette, permet d'accueillir Seb Alliance... et SOCADIF... à son capital.",research_confirmed_pending_human_validation
transition_051588c9aee61dcf25b93b6cc6e58387,Ramp,ramp.com,ramp.com,https://www.linkedin.com/company/ramp,31_90_days,later_stage,series_f,2026-06-04,750000000,USD,,https://www.prnewswire.com/,company_issued_wire,PR Newswire,2026-06-04,high,"Today, Ramp announced a $750 million primary financing round led by ICONIQ, GIC, and Ontario Teachers' Pension Plan, valuing the company at $44 billion.",research_confirmed_pending_human_validation
transition_0719213bf0d5194ab1bcfd827893a867,Sky Harvest,skyharvest.com,skyharvestcarbon.com,https://www.linkedin.com/company/skyharvest,3_24_months,early,seed,2024-09-16,,,,https://www.praxis.co/journal,investor_announcement,Praxis,2024-09-16,medium,"Many thanks to the Accelerator Capital Partners... who are providing $100K in opt-in investment to these ventures... Sky Harvest. Fellow: Will Clayton, CEO",research_confirmed_pending_human_validation
transition_07774d1575311998b7a01e4dd034ac53,SQK | Quantum Medical Imaging,sqkcloud.com,sqkcloud.com,https://www.linkedin.com/company/sqkinc,3_24_months,early,,2026-02-18,,,,https://www.ibm.com,investor_announcement,IBM Ventures,2026-02-18,medium,"We're proud to announce our latest investments in SQK and QodeX Quantum, two early-stage startups in the Duality quantum startup accelerator program that have been chosen for phase two...",research_confirmed_pending_human_validation
transition_08bc5d7c6a990daada7968c1814b3c55,TECLens,teclens.com,teclens.com,https://www.linkedin.com/company/teclens,3_24_months,series_a,Series A,2025-02-11,9300000,USD,,https://www.teclens.com,company_newsroom,TECLens,2025-02-11,high,"TECLens, Inc., a clinical-stage ophthalmic medical device company, announced today it raised $9.3 million in a Series A round co-led by Johnson & Johnson Innovation – JJDC Inc. and Yonjin Capital.",research_confirmed_pending_human_validation
transition_09db48e642c8bc7fe984171573524352,Kohort,kohort.io,kohort.io,https://www.linkedin.com/company/kohort-io,31_90_days,series_a,series_a,2026-05-07,7000000,USD,,https://www.businesswire.com/news/home/20260507685420/en/,company_issued_wire,Business Wire,2026-05-07,high,Kohort today announced the completion of its $7 million Series A fundraising round to build user acquisition (UA) agents for mobile game studios.,research_confirmed_pending_human_validation
transition_0aa28947d58c0748256aef638607432b,Oxford Online Pharmacy,oxfordonlinepharmacy.co.uk,oxfordonlinepharmacy.co.uk,https://www.linkedin.com/company/oxford-online-pharmacy,3_24_months,later_stage,private_equity,2024-08-19,,,,https://www.rockpoolinvestments.co.uk/news/rockpool-investments-partners-with-oxford-online-pharmacy/,investor_announcement,Rockpool Investments,2024-08-19,high,"Rockpool Investments is pleased to announce a strategic investment in Oxford Online Pharmacy, a fast-growing online pharmacy offering accessible healthcare to patients' homes.",research_confirmed_pending_human_validation
transition_0ac7a19896289fc553f619f04dcd3e89,Neion Bio,neion.bio,neion.bio,https://www.linkedin.com/company/neion-bio-inc,31_90_days,series_a,series_a,2026-06-11,23000000,USD,,https://www.globenewswire.com/,company_issued_wire,GlobeNewswire,2026-06-11,high,"Neion Bio, a biotechnology company revolutionizing the production of biologic medicines, today announced the close of an oversubscribed $23 million Series A financing to further advance its novel manufacturing platform",research_confirmed_pending_human_validation
transition_0ae8eaefe7d71f45e3d9d05b167080a8,metaLead,metalead.ch,metalead.ch,https://www.linkedin.com/company/metaleadtx,3_24_months,early,,2025-05-05,1000000,CHF,,https://www.baselaunch.ch/metalead-secures-chf-1-million-investment-to-advance-novel-therapy-for-wilson-disease/,investor_announcement,BaseLaunch,2025-05-06,high,"Basel, Switzerland – May 5, 2025 – metaLead Therapeutics AG (metaLead)... announced today that it has secured CHF 1 million in funding from the UZH Life Sciences Fund (LSF).",research_confirmed_pending_human_validation
transition_0fae2c88b4380a57bab3fba943ad0906,Splend,splend.com,splend.com,https://www.linkedin.com/company/splend-global,3_24_months,later_stage,private_equity,2025-01-15,,,,https://www.ifminvestors.com/,investor_announcement,IFM Investors,2025-01-15,high,IFM Investors is pleased to announce a significant investment in Splend Group Pty Ltd... IFM's Growth Partners Fund 2 is investing in Splend... to acquire a stake of 49% in the company.,research_confirmed_pending_human_validation
transition_0faecb5623a00825cc112e0d1ae6c1fa,"In2ition AI, Inc",in2ition.ai,in2ition.ai,https://www.linkedin.com/company/in2itionai,31_90_days,early,pre_seed,2026-05-08,1000000,USD,,https://lepordo.com,investor_announcement,Lepordo Legacy Holdings,,medium,"Announcement: In2ition AI closes $1M pre-seed and debuts IRIS, the always-on AI companion.",research_confirmed_pending_human_validation
transition_108f133a8b7d3fc4d7efe410670bd2af,36ZERO Vision,36zerovision.com,36zerovision.com,https://www.linkedin.com/company/36zero-vision,3_24_months,equity_other,undisclosed,2025-07-15,3600000,EUR,,https://36zerovision.com,company_newsroom,36ZERO Vision,2025-07-15,high,"36ZERO Vision... today announced the successful closing of a €3.6 million funding round... led by an investor syndicate including JOIN Capital, Bayern Kapital, and Vanagon Ventures.",research_confirmed_pending_human_validation
transition_115a74e75243904b0fd7a7df46f5a3f7,Control Seat (YC S26),controlseat.com,controlseat.com,https://www.linkedin.com/company/control-seat,8_30_days,early,pre_seed,,,,,https://www.ycombinator.com/companies/control-seat,investor_announcement,Y Combinator,,medium,Batch: Summer 2026. Active. Location: San Francisco. Building a modern SCADA system to control and monitor factory hardware and replace legacy systems.,research_confirmed_pending_human_validation
transition_12855caa422cb931ee11414b99970374,Cardurion Pharmaceuticals,cardurion.com,cardurion.com,https://www.linkedin.com/company/cardurion,3_24_months,series_b,series_b,2024-07-16,260000000,USD,,https://cardurion.com/cardurion-pharmaceuticals-announces-260-million-series-b-financing-to-advance-its-pipeline-of-innovative-medicines-for-cardiovascular-diseases/,company_newsroom,Cardurion Pharmaceuticals,2024-07-16,high,"Cardurion Pharmaceuticals, Inc... today announced it has raised a $260 million Series B financing led by Ascenta Capital, with participation by new investors... as well as existing investors Bain Capital...",research_confirmed_pending_human_validation
transition_13fa64c08c5d1cd5daead21a8eccaaca,Rebellions,rebellions.ai,rebellions.ai,https://www.linkedin.com/company/rebellions-ai,3_24_months,later_stage,pre_ipo,2026-03-30,400000000,USD,850000000,https://rebellions.ai/newsroom,company_newsroom,Rebellions,2026-03-30,high,"Rebellions, a global leader in AI inference infrastructure, has raised $400 million in a pre-IPO funding round led by Mirae Asset Financial Group and the Korea National Growth Fund.",research_confirmed_pending_human_validation
transition_156dfa08e4762c2408970524c10d7ffc,BIOSORRA,biosorra.com,biosorra.com,https://www.linkedin.com/company/biosorra,3_24_months,early,seed,2025-10-07,3500000,USD,,https://biosorra.com,company_newsroom,BIOSORRA,2025-10-07,high,"""October 7th, 2025. BIOSORRA Secures $3.5M Funding... Led by atmosfair and Fondo Nimbus, this new investment will expand BIOSORRA's biochar production in Kenya...""",research_confirmed_pending_human_validation
transition_15ca7e892a5e20bc1cf3961476f19b7e,Lovable,lovable.dev,lovable.dev,https://www.linkedin.com/company/lovable-dev,3_24_months,series_b,Series B,2025-12-18,330000000,USD,,https://lovable.dev/blog/lovable-raises-330m-to-power-the-age-of-the-builder,company_newsroom,Lovable,2025-12-18,high,"Today, we're announcing that Lovable has raised $330 million in Series B funding at a $6.6 billion valuation, led by CapitalG and Menlo Ventures' Anthology fund.",research_confirmed_pending_human_validation
transition_17963ae18a8ae8347dc58f414623f3b5,Fifth Sense,itsfifthsense.com,itsfifthsense.com,https://www.linkedin.com/company/itsfifthsense,31_90_days,early,pre_seed,2026-04-17,63000000,INR,,https://businessnewsthisweek.com/business/fifth-sense-raises-inr-6-3-cr-to-reimagine-fragrance-as-a-form-of-self-expression/,company_issued_wire,Business News This Week,2026-04-17,medium,"Gurugram, Apr 17: FIFTH SENSE, a new-age fragrance brand, has secured ₹6.3 crore in pre-seed funding led by OTP Ventures along with Sadev Ventures, ISV Capital",research_confirmed_pending_human_validation
transition_17ee76bbdba1f482acea0384dfe06cd2,Tapcheck,tapcheck.com,tapcheck.com,https://www.linkedin.com/company/tapcheckinc,3_24_months,series_a,series_a,2025-04-14,25000000,USD,,https://tapcheck.com/,company_newsroom,Tapcheck,2025-04-14,high,"This latest funding includes a $25 million Series A extension round led by existing investor, PeakSpan Capital, and a $200 million credit facility provided by Victory Park Capital.",research_confirmed_pending_human_validation
transition_192a84c3254cdc509e0db244c5297abb,COUR Pharma,courpharma.com,courpharma.com,https://www.linkedin.com/company/courpharma,8_30_days,series_b,series_b,2026-06-18,50000000,USD,,https://courpharma.com/news/,company_newsroom,COUR Pharma,2026-06-18,high,"COUR Pharma... announced today it has closed a $50 million Series B funding round led by existing investors Lumira Ventures and Roche Venture Fund with participation from new investor, Sanofi.",research_confirmed_pending_human_validation
transition_1a93f91fa9d28bf4722e63da4ef73d98,Swyft,myswyftapp.com,myswyftapp.com,https://www.linkedin.com/company/swyft-app,3_24_months,early,pre_seed,,,,,https://umiif.com/,investor_announcement,UM International Investment Fund,,medium,"Swyft. Year Founded: 2019. Investment Year: 2025. Corporate Office: Douala, Cameroon... Swyft offers last-mile delivery to Cameroon's residents...",research_confirmed_pending_human_validation
transition_1b8932d1bd9e3a47a61df0579e3b0ef0,Vero Networks,veronetworks.com,veronetworks.com,https://www.linkedin.com/company/vero-networks,3_24_months,later_stage,private_equity,2026-02-23,500000000,USD,,https://www.globenewswire.com/news-release/2026/02/23/VFN-Holdings-Inc-Vero-Networks-Announces-500-Million-Strategic-Investment.html,company_issued_wire,GlobeNewswire,2026-02-23,high,"VFN Holdings, Inc. (“Vero Networks”), a leading fiber infrastructure business, today announced the successful closing of a $500 million non-control growth equity investment led by funds managed by Hamilton Lane.",research_confirmed_pending_human_validation
transition_1cdbfbedfbc11feb98e9a8629be8062a,Glint Solar,glintsolar.com,glintsolar.ai,https://www.linkedin.com/company/glint-solar,3_24_months,series_a,series_a,2024-11-07,8000000,USD,,https://www.glintsolar.com/,company_newsroom,Glint Solar,2024-11-07,high,"Today we're thrilled to announce an $8 million Series A funding round led by Smedvig Ventures with participation from Momentum, Futurum Ventures, and Antler!",research_confirmed_pending_human_validation
transition_1d458e521866d7e86f41e07bb5931082,Tiny Wine,tinywine.co.uk,tinywine.co.uk,https://www.linkedin.com/company/tiny-wine,3_24_months,equity_other,equity_crowdfunding,2026-02-12,43620,GBP,,https://www.crowdcube.com/companies/tiny-wine,investor_announcement,Crowdcube,2026-02-12,medium,"Tiny Wine® offers premium wines in small format bottles... tinywine.co.uk. Equity. SEIS... Closed. raised: £43,620. investors: 70. This opportunity is now closed to investment.",research_confirmed_pending_human_validation
transition_1df3a8cff5d29205529e265915a03b4c,Realm,withrealm.com,withrealm.com,https://www.linkedin.com/company/withrealm,31_90_days,early,seed,2026-04-22,4500000,USD,,https://www.prnewswire.com/news-releases/realm-raises-4-5m-to-bring-the-cursor-moment-to-enterprise-sales-302750020.html,company_issued_wire,PR Newswire,2026-04-22,high,Realm has raised a $4.5 million Seed round to speed up enterprise sales cycles. Its platform gives AI the structured context needed to automate deal-defining materials.,research_confirmed_pending_human_validation
transition_1eaa7b2b750c34b928d79f44cfd10394,Sequentia Biotech,sequentiabiotech.com,sequentiabiotech.com,https://www.linkedin.com/company/sequentiabiotech,3_24_months,series_a,series_a,2024-09-30,10000000,EUR,,https://www.sequentiabiotech.com/sequentia-biotech-secures-e10million-equity-investment-from-seventure-partners-and-the-eic-fund-to-boost-bioinformatic-solutions-for-clinical-industrial-and-research-applications/,company_newsroom,Sequentia Biotech,2024-09-30,high,"Sequentia Biotech, a #deeptech and leading bioinformatics company focused on the analysis and application of omics data, announces a €10million Series A, led by Seventure Partners",research_confirmed_pending_human_validation
transition_20bf5eff04e0ad67e13334f776ff4369,Sleuth,sleuthinsights.com,sleuthinsights.com,https://www.linkedin.com/company/sleuth-insights,31_90_days,early,seed,2026-04-21,8000000,USD,,https://sleuthinsights.com/resources,company_newsroom,Sleuth Insights,2026-04-21,high,"Sleuth Insights, Inc., an AI decision platform for pharmaceutical and biotech intelligence teams, today announced its launch from stealth with $8 million in seed funding led by Bison Ventures.",research_confirmed_pending_human_validation
transition_20e304d1d3a4ff9bcff8269a9ea683b6,SpartanX.ai,spartanx.ai,spartanx.ai,https://www.linkedin.com/company/spartanxai,31_90_days,early,seed,2026-04-21,,,,https://www.prnewswire.com/news-releases/spartanx-closes-seed-round-led-by-venture-guides-establishes-global-headquarters-in-boston-and-appoints-president-and-coo-to-scale-go-to-market-operations-302746617.html,company_issued_wire,PR Newswire,2026-04-21,high,"SpartanX, the AI-native offensive security company... today announced the close of its seed round led by Venture Guides, with participation from additional angel and corporate investors.",research_confirmed_pending_human_validation
transition_2128b2cdb1cc0e6e47b2e7c1b680082b,Exodigo,exodigo.com,exodigo.com,https://www.linkedin.com/company/exodigo,3_24_months,series_b,series_b,2025-07-16,96000000,USD,214000000,https://www.globenewswire.com/news-release/2025/07/16/Exodigo-Brings-AI-Efficiency-to-Infrastructure-Industry-Closes-96-Million-Series-B,company_issued_wire,GlobeNewswire,2025-07-16,high,"Exodigo, the artificial intelligence (AI) and multi-sensing innovator... today announced the close of a $96 million Series B round, for a total of $214 million in funding since its launch in 2021.",research_confirmed_pending_human_validation
transition_21c5ea7cab8db945fee71cdbb23e69c4,T.D. Williamson,tdwilliamson.com,tdwilliamson.com,https://www.linkedin.com/company/tdw,3_24_months,later_stage,private_equity,2025-06-10,,,,https://www.tdwilliamson.com,company_newsroom,T.D. Williamson,2025-06-10,high,"T.D. Williamson (“TDW”), a global leader in pipeline infrastructure technology and services, announced today a strategic investment from funds managed by Apollo (NYSE: APO) (the “Apollo Funds”).",research_confirmed_pending_human_validation
transition_24af82da25388738939f8e837faf8c77,aisy,aisy.ai,aisy.ai,https://www.linkedin.com/company/aisy,3_24_months,early,pre-seed,2026-01-30,2300000,USD,,https://aisy.ai/,company_newsroom,Aisy,2026-01-30,high,"With $2.3 million in pre-seed funding from Osney Capital, Flying Fish Ventures, and 6 Degrees Capital, Aisy's threat-focused security platform turns overwhelming vulnerability data into clear, attacker-driven priorities",research_confirmed_pending_human_validation
transition_2572483a584d0a13260380f1aa0776a5,Hypershell,hypershell.tech,hypershell.tech,https://www.linkedin.com/company/hypershell-tech,31_90_days,series_b,series_b,2026-05-18,50000000,USD,,https://www.prnewswire.com/,company_issued_wire,PR Newswire,2026-05-20,high,"As Hypershell continues expanding the initiative globally, the company also recently announced the completion of a US$50 million Series B+ financing round. This round was led by Ant Group and DragonBall Capital...",research_confirmed_pending_human_validation
transition_257603f70d936402abd371e1fe38b9f2,American Rebel Beverage,americanrebelbeer.com,americanrebelbeer.com,https://www.linkedin.com/company/americanrebelbeverage,8_30_days,equity_other,equity_crowdfunding,2026-06-27,147863.67,USD,,https://www.sec.gov/cgi-bin/browse-edgar?action=getcompany&CIK=0002134397,regulatory_filing,SEC,2026-06-30,high,"The Offering successfully reached its Target Offering Amount on June 27, 2026, having closed on funds totaling $147,863.67.",research_confirmed_pending_human_validation
transition_25be717bd0b22c7fbfd283a54072cbc0,Odyssey,odyssey.ml,odyssey.ml,https://www.linkedin.com/company/odysseyml,8_30_days,series_b,series_b,2026-06-17,310000000,USD,,https://odyssey.ml,company_newsroom,Odyssey,2026-06-17,high,Today is a big day for Odyssey: we're thrilled to announce our $310 million Series B at a $1.45 billion valuation led by Natural Capital...,research_confirmed_pending_human_validation
transition_2838c13a635b180a6d8a8492fbf6f465,Iontra Inc,iontra.com,iontra.com,https://www.linkedin.com/company/iontra,3_24_months,later_stage,series_c,2024-11-20,45000000,USD,120300000,https://www.prnewswire.com/news-releases/iontra-closes-45-million-series-c-to-deliver-launch-of-the-industrys-first-integrated-risc-v-charge-control-and-fuel-gauge-microcontroller-302311283.html,company_issued_wire,PR Newswire,2024-11-20,high,"Iontra Inc, a Colorado-based leader in next-generation battery charging technology, announced today that it has successfully completed its $45M Series C funding round",research_confirmed_pending_human_validation
transition_294df5432a946031c7c7de5a983d4f6c,Observable Space,observable.space,observable.space,https://www.linkedin.com/company/observable-space,31_90_days,series_a,series_a,2026-05-28,90000000,USD,,https://observable.space,company_newsroom,Observable Space,2026-05-28,high,"Observable Space is also announcing the close of its $90 million Series A funding round, led by Lux Capital, co-led by Upfront Ventures, Detroit Venture Partners...",research_confirmed_pending_human_validation
transition_29600719c6a50e9bff391c2a30d9309e,flex,flex.team,flex.team,https://www.linkedin.com/company/flexteamofficial,3_24_months,series_b,series_b,2025-06-11,10000000000,KRW,,https://flex.team,company_newsroom,Flex Corp,2025-06-11,high,"국내 유일의 올인원 HR 플랫폼 '플렉스(flex)'가 '한리버파트너스'로 부터 기업가치 5,000억 원을 평가받으며, 100억 원 규모의 시리즈 B-1 브릿지 투자를 유치했다고 11일 밝혔다.",research_confirmed_pending_human_validation
transition_298c51803597b7a9c70948bb8a4fd9d2,"Fermelanta, Inc.",fermelanta.com,fermelanta.com,https://www.linkedin.com/company/fermelanta,3_24_months,series_a,Series A,2025-08-28,2000000000,JPY,4800000000,https://fermelanta.com/,company_newsroom,"Fermelanta, Inc.",2025-08-28,high,"Fermelanta raised JPY 2 bn (USD 13.8 m) in Series A funding, bringing its total funding to JPY 4.8 bn (USD 33.1 m)",research_confirmed_pending_human_validation
transition_2ba2b40bc5a7f6ad2ff241450168ab9e,Zellify,zellify.app,zellify.app,https://www.linkedin.com/company/zellifyapp,31_90_days,early,seed,2026-04-28,3100000,EUR,,https://connectventures.co/insights/investing-in-zellify/,investor_announcement,Connect Ventures,2026-04-28,high,"Today, we're proud to announce that Connect Ventures led Zellify's €3.1m seed round, joined by Dreamcraft Ventures, Inovia, FJ Labs, and Ventures Together",research_confirmed_pending_human_validation
transition_2c7ea1c87a922fa3945d3ae042ee4f35,Coast To Coast Logistics,coasttocoastlogistics.com,coasttocoastlogistics.com,https://www.linkedin.com/company/coast-to-coast-logistics,3_24_months,later_stage,private_equity,2025-02-11,,,,https://www.hh-cp.com/hidden-harbor-capital-invests-in-coast-to-coast-logistics/,investor_announcement,Hidden Harbor Capital Partners,2025-02-11,high,"Hidden Harbor Capital Partners... is pleased to announce a strategic investment in Coast to Coast Logistics, LLC",research_confirmed_pending_human_validation
transition_2d841c37a141fe1291033786a57c3e28,Grain,grainfinance.co,grainfinance.co,https://www.linkedin.com/company/grainfinance,3_24_months,series_a,Series A,2025-03-05,33000000,USD,51000000,https://www.newswire.com/news/grain-secures-over-50-million-to-launch-ai-driven-foreign-exchange-22521990,company_issued_wire,Newswire,2025-03-05,high,"Grain, a fintech company... announced today that it has raised over $50 million in funding. The company recently closed a $33 million Series A round led by Bain Capital Ventures",research_confirmed_pending_human_validation
transition_2dcba3a83fcd7e3a3779cb233fbf3ab7,Nitra,nitra.com,nitra.com,https://www.linkedin.com/company/nitrahq,3_24_months,series_b,series_b,2026-03-10,50000000,USD,205000000,https://www.prnewswire.com/news-releases/nitra-raises-187-million-as-ai-native-platform-for-healthcare-practices-surpasses-1-billion-in-processing-volume-302708918.html,company_issued_wire,PR Newswire,2026-03-10,high,The financing includes $72 million of new equity across a $50 million Series B round and a previously unannounced $22 million Series A completed in August 2025,research_confirmed_pending_human_validation
transition_3168b67fc702b8f1313ed89492966752,Equal,equal.in,equal.in,https://www.linkedin.com/company/equal-in,31_90_days,series_b,series_b,2026-06-12,30000000,USD,,https://www.prosus.com,investor_announcement,Prosus Ventures,2026-06-24,high,"Equal AI, India's First AI Call Assistant, has secured US$30 million in its Series-B round in tranches co-led by Prosus Ventures and Tomales Bay Capital.",research_confirmed_pending_human_validation
transition_347b2d463ff77c50dd1ec1056afbc5ba,Kin Health,meetkin.com,meetkin.com,https://www.linkedin.com/company/meetkin,31_90_days,early,seed,2026-05-18,9000000,USD,,https://www.businesswire.com,company_issued_wire,Business Wire,2026-05-18,high,"LOS ANGELES--(BUSINESS WIRE)--Kin Health, a free app that allows patients to remember and act upon doctors' advice, today announced a $9 million seed round led by Maveron...",research_confirmed_pending_human_validation
transition_36264d56ab7b78440b4c41a4e71c284f,Pyka,flypyka.com,flypyka.com,https://www.linkedin.com/company/flypyka,3_24_months,series_b,series_b,2024-09-23,40000000,USD,,https://www.flypyka.com,company_newsroom,Pyka,2024-09-23,high,"Pyka, an electric aviation technology leader that designs and manufactures large-scale autonomous electric aircraft, today announced a $40M Series B raise.",research_confirmed_pending_human_validation
transition_376f5500eb7767c80188d443b6c202da,RAINBOW,userainbow.com,userainbow.com,https://www.linkedin.com/company/userainbow,3_24_months,series_a,series_a,2025-01-15,8000000,USD,20000000,https://www.businesswire.com/news/home/20250115735260/en/Rainbow-Announces-8-Million-Series-A-Funding-to-Expand-Small-Business-Insurance-Offerings,company_issued_wire,Business Wire,2025-01-15,high,"Rainbow... has announced raising $8 million in Series A funding, led by Zigg Capital. The financing, which closed in Q4 2024, will accelerate the company's plans to expand its specialized underwriting approach",research_confirmed_pending_human_validation
transition_37c4dfab39c77d788ff33b4224369470,Ethermed,ethermed.ai,ethermed.ai,https://www.linkedin.com/company/ethermed-ai,31_90_days,series_a,Series A,2026-04-16,8500000,USD,,,company_issued_wire,EIN Presswire,2026-04-16,high,"Ethermed, a healthcare technology company building AI-driven automation for prior authorization... has raised $8.5 million in Series A funding",research_confirmed_pending_human_validation
transition_37ced1e3bdac814363580634df65b9d3,Ennov,en.ennov.com,en.ennov.com,https://www.linkedin.com/company/ennov,31_90_days,later_stage,private_equity,2026-05-20,,,,https://www.businesswire.com,company_issued_wire,Business Wire,2026-05-20,high,"Ennov, a global provider of end-to-end regulatory, quality, and clinical software solutions... today announced a strategic growth investment led by Bregal Sagemount... with participation from Ardian.",research_confirmed_pending_human_validation
transition_37d4f93bb73082f5b050c45220e3b336,Cube,cube.asia,cube.asia,https://www.linkedin.com/company/cube-ecom,31_90_days,series_a,series_a,2026-04-28,3700000,USD,,https://betatron.co/insights/cube-raises-us37-million-to-help-leading-brands-grow-faster-online,investor_announcement,Betatron Venture Group,2026-04-28,high,"We're proud to have led the $3.7M Series A round into Cube, joined by M Venture Partners, and building on the continued support of existing backers",research_confirmed_pending_human_validation
transition_39a704712188945472808f50d6589caa,Ferrivia,ferrivia.ai,ferrivia.ai,https://www.linkedin.com/company/ferrivia-ai,8_30_days,early,Seed,2026-06-17,50000,EUR,,https://www.helsinki.fi/en/news/innovations,investor_announcement,University of Helsinki,2026-06-17,high,"One company looking to meet this demand is the recently established startup Ferrivia Oy, which has secured a €50,000 investment from the University of Helsinki Funds through the HELSEED entrepreneurship programme.",research_confirmed_pending_human_validation
transition_39ce8b4114b58f50ce51d3c6590bcc66,Nebulock,nebulock.io,nebulock.io,https://www.linkedin.com/company/nebulock-inc,8_30_days,series_a,Series A,2026-06-25,25000000,USD,,https://www.businesswire.com/news/home/20260625381441/en/Nebulock-Raises-%2425-Million-Series-A-to-Bring-a-Hunt-First-Context-to-the-Enterprise,company_issued_wire,Business Wire,2026-06-25,high,"Nebulock, the AI-native contextual security platform, today announced it has raised $25 million in Series A financing led by FirstMark.",research_confirmed_pending_human_validation
transition_3c26a56c1e0cdd2a6ff58141b5fae57a,DAMALO,damalo.ai,damalo.ai,https://www.linkedin.com/company/damalo,31_90_days,early,angel,,350000,EUR,,https://damalo.ai,company_newsroom,DAMALO,,high,"DAMALO Closes First Funding Round at €350,000. Category: News. Date: April 2026.",research_confirmed_pending_human_validation
transition_3c33d420c3205a156afece2a8d345da6,TriFetch,trifetch.ai,trifetch.ai,https://www.linkedin.com/company/trifetch,31_90_days,early,pre_seed,2026-04-27,1900000,USD,,https://trifetch.ai/,company_newsroom,TriFetch,2026-04,high,Out of stealth · April 2026·$1.9M Pre-Seed · Nexus Venture Partners. End-to-end admin automation. Built for the way your clinic works.,research_confirmed_pending_human_validation
transition_3db96928be5fdeb448cce6f17b37140c,Heven AeroTech,hevendrones.com,hevendrones.com,https://www.linkedin.com/company/hevenaerotech,3_24_months,series_b,Series B,2025-12-01,100000000,USD,,https://www.prnewswire.com,company_issued_wire,PR Newswire,2025-12-01,high,"Heven AeroTech, a pioneer in hydrogen-powered Unmanned Aerial Systems (UAS), today announced a $100 million raise through a Series B round",research_confirmed_pending_human_validation
transition_3df5e9d9c1e224f325c54395508810e5,Modern Life,modernlife.com,modernlife.com,https://www.linkedin.com/company/modernlife,3_24_months,series_a,Series A,2025-11-19,20000000,USD,35000000,https://www.prnewswire.com/news-releases/modern-life-raises-20-million-series-a-to-empower-advisors-with-ai-powered-life-insurance-platform-302310115.html,company_issued_wire,PR Newswire,2025-11-19,high,"Modern Life, the AI-powered life insurance brokerage... announced today that it has raised $20 million in Series A funding led by Thrive Capital... Bringing its total raised to $35 million.",research_confirmed_pending_human_validation
transition_3e5800cac3b0230af6cd705b2bd7cb56,Boost.space,boost.space,boost.space,https://www.linkedin.com/company/boost-space,3_24_months,early,seed,2025-10-21,6500000,USD,,https://boost.space,company_newsroom,Boost.space,2025-10-21,high,"We are thrilled to share a huge milestone in the history of Boost.space! We have successfully closed our seed funding round, raising a total of $6.5 million",research_confirmed_pending_human_validation
transition_3ebbd0308c09da861a8ca86dcbd0c5b5,Foretell My Health,en.foretell.bio,en.foretell.bio,https://www.linkedin.com/company/foretellmyhealth,3_24_months,early,pre-series a,2025-07-02,,,,https://foretell.bio,company_newsroom,Foretell My Health,2025-07-05,high,포어텔마이헬스가 발견 시 이미 3기인 경우가 많은 난소암을 채혈만으로 조기에 진단하는 기술로 의사 출신 투자자들의 공감을 얻어 프리시리즈A 투자 유치에 성공했습니다.,research_confirmed_pending_human_validation
transition_3ebf7c03347a316bd5e8a67a548b40cd,"KinetiTec, Inc.",kinetitec.com,kinetitec.com,https://www.linkedin.com/company/kinetitec,31_90_days,early,pre_seed,2026-06-05,475000,USD,,https://boomerang.vc,investor_announcement,Boomerang Ventures,2026-06-05,high,"Boomerang Ventures has made a strategic pre-seed investment in KinetiTec... The investment represents a significant portion of KinetiTec's $1 million pre-seed round, with $475K committed to date.",research_confirmed_pending_human_validation
transition_3f2a79335e0856b6eeedf00ed49e65a3,Wellbees,wellbees.co,wellbees.co,https://www.linkedin.com/company/wellbeesapp,8_30_days,series_a,series_a,2026-06-22,3600000,USD,,https://world.einnews.com/pr_news/920697417/wellbees-raises-3-6m-series-a-led-by-qatar-development-bank-to-accelerate-gulf-expansion,company_issued_wire,EIN Presswire,2026-06-22,high,"Wellbees, an enterprise-focused, AI-powered employee wellbeing platform... today announced it has raised a $3.6 million Series A investment round led by Qatar Development Bank (QDB).",research_confirmed_pending_human_validation
transition_422ddc9d0a5a406ab693de16c0bd4a80,Live Story,livestory.io,livestory.io,https://www.linkedin.com/company/live-story,3_24_months,early,seed,2025-07-11,2700000,EUR,,https://www.businesswire.com,company_issued_wire,Business Wire,2025-07-11,high,"Live Story, the tech company founded by Stefano Mocellini, has closed a €2.7 million seed round led by Vertis, one of Italy's leading early-growth venture capital firms.",research_confirmed_pending_human_validation
transition_432caf56398075976559e98af192947e,Klinic,klinic.com,klinic.com,https://www.linkedin.com/company/kliniccare,31_90_days,series_a,series_a,2026-06-08,24000000,USD,,https://www.sec.gov/edgar/search/#/q=%2522Klinic%2520Inc.%2522,regulatory_filing,U.S. Securities and Exchange Commission,2026-06-05,high,"A Form D filed with the SEC on June 5, 2026, confirms Klinic Inc. secured $24 million in an equity financing round.",research_confirmed_pending_human_validation
transition_436fa68c47a300d9772817a4b19cd318,Cardinal Action Cams,cardinalactioncams.com,cardinalactioncams.com,https://www.linkedin.com/company/cardinalactioncams,8_30_days,early,,2026-06-26,7500,USD,,http://archive.fast-edgar.com/20260626/AW22922MZ222L222222N22O2MUAHGD223282,regulatory_filing,Securities and Exchange Commission,2026-06-26,high,"FORM D Notice of Exempt Offering of Securities for Cardinal Action Cams, Inc., filed June 26, 2026, indicating an amount sold of $7.5k.",research_confirmed_pending_human_validation
transition_43fe5fa965bacc18a0c0746713fb9fba,Nano-Core Chip | 微纳核芯,nanocorechip.com,nanocorechip.com,https://www.linkedin.com/company/nanocorechip,31_90_days,series_b,series_b,2026-06-13,,CNY,1000000000,https://www.nanocorechip.com/,company_newsroom,Nano-Core Chip,2026-06-17,high,6月13日，杭州存算一体AI芯片创企微纳核芯宣布完成B3轮和B4轮融资，B轮系列融资总额超过10亿元。,research_confirmed_pending_human_validation
transition_443d12711d10bf847d07ed5d5c7fe319,Meanwhile,meanwhile.bm,meanwhile.bm,https://www.linkedin.com/company/meanwhileinc,3_24_months,series_b,,2025-10-07,82000000,USD,,https://www.businesswire.com/news/home/20251007000000/en/Meanwhile-the-First-Regulated-Bitcoin-Life-Insurer-Raises-82M,company_issued_wire,Business Wire,2025-10-07T00:00:00Z,high,Meanwhile today announced it has raised $82 million in new capital to meet growing demand from individuals seeking to protect their families and established financial institutions,research_confirmed_pending_human_validation
transition_44f7f3224c7b3f2b3fc6e7d5674d5d57,ReForest Latam,reforest-latam.com,reforest-latam.com,https://www.linkedin.com/company/reforest-latam,8_30_days,early,,2026-06-24,,,,https://mercycorpsventures.com,investor_announcement,Mercy Corps Ventures,2026-06-24,medium,"ReForest Latam is building a technology-enabled restoration platform that combines biotech innovation, AI, and drone deployment to restore landscapes at scale. Learn Why We Invested in this climate resilience solution.",research_confirmed_pending_human_validation
transition_45f6a69fe91824ab8058d15e6342f715,StimScience,somneesleep.com,somneesleep.com,https://www.linkedin.com/company/stimscience,3_24_months,early,seed,2025-06-10,10000000,USD,,https://www.businesswire.com/news/home/20250610843209/en/,company_issued_wire,Business Wire,2025-06-10T00:00:00Z,high,Somnee – the leader in sleep technology delivering pioneering AI-powered neurotech and software – today announced it has raised $10 million in a seed extension round.,research_confirmed_pending_human_validation
transition_45fef6e91a45d3ee7f3be9d3b99ed225,"Disa Technologies, Inc.",disausa.com,disausa.com,https://www.linkedin.com/company/disa-technologies,31_90_days,series_a,venture,2026-04-30,33000000,USD,83000000,,company_issued_wire,PR Newswire,2026-04-30,high,DISA Technologies Inc. (DISA)... has closed a $33 million strategic financing led by Galvanize and supported by BHP Ventures.,research_confirmed_pending_human_validation
transition_485579538322161860e61ac2d960a4bb,Flagright,link.flagright.com,flagright.com,https://www.linkedin.com/company/flagright,8_30_days,series_a,series_a,2026-06-17,12500000,USD,,https://flagright.com,company_newsroom,Flagright,2026-06-17,high,"Today, we're announcing that Flagright has raised a $12.5M Series A, led by Infinity Ventures, with participation from Sella and continued backing from existing investors",research_confirmed_pending_human_validation
transition_48cc0b8fdab4dfc7213f56f0258010dd,SynOx Therapeutics,synoxtherapeutics.com,synoxtherapeutics.com,https://www.linkedin.com/company/synox-therapeutics,3_24_months,series_b,series_b,2024-10-30,92000000,USD,,https://synoxtherapeutics.com/synox-therapeutics-adds-new-investor-and-capital-to-series-b-financing-raising-total-to-92-million-and-doses-first-patients-in-phase-3-trial/,company_newsroom,SynOx Therapeutics,2024-10-30,high,"SynOx Therapeutics Limited today announced that it has raised additional funding in a final close of its Series B financing, bringing the total capital raised in the round to $92 million.",research_confirmed_pending_human_validation
transition_494ab2e40d89da225042193de92d7982,AllScale,allscale.io,allscale.io,https://www.linkedin.com/company/allscaleinc,8_30_days,equity_other,strategic_investment,2026-06-25,,,,https://allscale.io/,company_newsroom,AllScale,2026-06-25,high,"AllScale, a stablecoin payment infrastructure provider connecting traditional finance and the on-chain economy, today announced that it has secured a strategic investment from Animoca Brands.",research_confirmed_pending_human_validation
transition_4958cda43ec437745f940be1dcb22667,Graid Technology Inc.,graidtech.com,graidtech.com,https://www.linkedin.com/company/graid-technology,3_24_months,series_b,Series B,2025-03-04,30000000,USD,,https://graidtech.com/,company_issued_wire,Newswire.com,2025-03-04,high,Graid Technology... today announced the successful closing of its $30 million Series B funding round. The round was led by HH-CTBC Partnership... alongside Yuanta Ventures.,research_confirmed_pending_human_validation
transition_4b8647db3f0acb75d7b5262ddd1832b5,SecurITe,securite.world,securite.world,https://www.linkedin.com/company/securite-group,31_90_days,early,seed,2026-05-27,,EUR,,https://x-tention.com,investor_announcement,x-tention,2026-05-27,high,SecurITe announced the successful closing of a double-digit million-euro seed investment round. The financing was deliberately structured with an independent european financial partner.,research_confirmed_pending_human_validation
transition_4cd1d22acd2888a8ebcc0d62016d8a36,Les Fermes Debout (ex-NeoFarm),lesfermesdebout.fr,lesfermesdebout.fr,https://www.linkedin.com/company/lesfermesdebout,3_24_months,series_b,Series B,2025-06-30,30000000,EUR,30000000,https://famm-group.com/,investor_announcement,F.A.M.M.,2025-06-30,high,Nous sommes fiers de vous annoncer que nous dévoilons aujourd'hui une levée de fonds de 30 millions d'euros avec NEOFARM. Ce financement permettra de lancer la construction de notre première ferme.,research_confirmed_pending_human_validation
transition_4e06fe163ac0e533e491190e576943a6,Arcadia Medicine,arcadiamedicine.com,arcadiamedicine.com,https://www.linkedin.com/company/arcadiamedicine,3_24_months,early,seed,2025-10-06,9250000,USD,,https://www.globenewswire.com/news-release/2025/10/06/Arcadia-Medicine-Announces-FDA-Clearance-of-IND-Application-for-a-Patented-Form-of-MDMA,company_issued_wire,GlobeNewswire,2025-10-06T08:37:00Z,high,"The IND is part of a pattern of progress on multiple fronts. Arcadia has raised $9.25M from investors including Sam Altman, Fred Ehrsam, and Dylan Field.",research_confirmed_pending_human_validation
transition_4f6d9777443e25429171aeb9fab10484,Neo4j Brasil,neo4j.com,neo4j.com,https://www.linkedin.com/company/neo4j-brasil,3_24_months,later_stage,private_equity,2024-11-19,50000000,USD,,https://neo4j.com/press-releases/neo4j-surpasses-200m-in-revenue-accelerates-leadership-in-genai-driven-graph-technology/,company_newsroom,Neo4j,2024-11-19,high,"The company recently secured $50 million in capital from Noteus Partners, a European specialist growth equity investment firm.",research_confirmed_pending_human_validation
transition_5122a5c1e819c132f0e49b96fb4929b1,Rebolt,rebolt.com,rebolt.com,https://www.linkedin.com/company/rebolthq,3_24_months,early,Seed,2025-05-07,3000000,USD,,https://rebolthq.com,company_newsroom,Rebolt,2025-05-07,high,"Rebolt announces a $3M seed round to build AI-powered tools that help plumbers, electricians, landscapers, and contractors win more jobs.",research_confirmed_pending_human_validation
transition_51e3c50715c6f4572153abcecfe88d2e,Thoughtly,thoughtly.com,thoughtly.com,https://www.linkedin.com/company/thoughtly-ai,31_90_days,early,seed,2026-04-22,5500000,USD,,https://thoughtly.com,company_newsroom,Thoughtly,2026-04-22,high,"NEW YORK, April 22, 2026 — Thoughtly, the AI engagement platform to give CRMs a voice, today announced a $5.5 million Seed round...",research_confirmed_pending_human_validation
transition_52013f03314e4e18277c1b5a1d1d11d8,Sorcero,sorcero.com,sorcero.com,https://www.linkedin.com/company/sorcero,3_24_months,series_b,series_b,2025-11-21,42500000,USD,59000000,https://www.prnewswire.com/news-releases/sorcero-secures-42-5m-series-b-financing-led-by-newspring-capital-to-scale-its-ai-platform-accelerate-expansion-across-life-sciences,company_issued_wire,PR Newswire,2025-11-21,high,"Sorcero, the AI-powered intelligence platform for life sciences, today announced $42.5 million in Series B financing led by NewSpring Growth... bringing the company's total capital raised to $59 million.",research_confirmed_pending_human_validation
transition_5293a30907d70a7216d09ed9f3cca234,Singrow Pte Ltd,singrow.com,singrow.com,https://www.linkedin.com/company/singrow,3_24_months,series_a,Series A,2025-08-18,4500000,USD,,https://agfundernews.com,investor_announcement,AgFunderNews,2025-08-18,medium,"Plant genomics and precision agriculture company Singrow has raised $4.5 million in Series A to bring its seedlings, vertical farming, and plant genetics business to new geographies",research_confirmed_pending_human_validation
transition_52f95a39a4a07447d6837cca7b94c23e,Sencillo,sencillo.finance,sencillo.finance,https://www.linkedin.com/company/sencillofinance,3_24_months,early,pre_seed,2025-11-18,350000,GBP,,https://fuel.ventures/news/,investor_announcement,Fuel Ventures,2025-11-18,high,"Sencillo, the new fintech venture... has secured over £350,000 pre-seed funding led by Fuel Ventures.",research_confirmed_pending_human_validation
transition_539d130b2e09bb72f8f55be3fed45e88,SquareMind,squaremind.com,squaremind.com,https://www.linkedin.com/company/squaremind,31_90_days,early,pre-Series A,2026-04-27,18000000,USD,,https://www.businesswire.com/news/home/20260427129819/en/SquareMind-Raises-$18-Million-to-Redefine-Skin-Exams-With-Robotics-and-AI,company_issued_wire,Business Wire,2026-04-27,high,"SquareMind, an AI and robotics company developing solutions for dermatology, today announced $18 million in funding, including previously undisclosed pre-Series A financing. The round was led by Sonder Capital.",research_confirmed_pending_human_validation
transition_54eeef779a68da925e110f3c12680baf,ZYT,zyt.com,zyt.com,https://www.linkedin.com/company/shenzhen-zhuoyu-technology-co-ltd,3_24_months,series_b,strategic_investment,2025-11-21,3600000000,CNY,,,company_newsroom,Zhuoyu Technology,2025-11-21,medium,"Zhuoyu Technology announced on November 21 that it has secured more than 3.6 billion yuan in strategic funding from China FAW Group, lifting the technology company's valuation to over 10 billion yuan.",research_confirmed_pending_human_validation
transition_564ac5a31c1cc953e280091c279c5fc2,Prelude,prelude.so,prelude.so,https://www.linkedin.com/company/prelude-so,31_90_days,series_a,Series A,2026-05-20,20000000,USD,27000000,https://prelude.so,company_newsroom,Prelude,2026-05-20,high,"Today we are excited to announce $20M in Series A funding, led by 20VC... This Series A brings our total funding to $27M.",research_confirmed_pending_human_validation
transition_569a57cb7a7bcd0b43c31b10a9ab2334,Adialante,adialante.com,adialante.com,https://www.linkedin.com/company/adialante,8_30_days,early,,,,,,https://www.ycombinator.com/companies/adialante,investor_announcement,Y Combinator,,medium,"Adialante. P2026. TLDR: Adialante builds compact and mobile whole-body MRIs. We already have $12.75M in LOIs, $30k in deposits, and our first system will be scanning by demo day.",research_confirmed_pending_human_validation
transition_56b25277ea6331a1f5cbade586435e6b,Novel Financial Holdings,novelfh.com,novelfh.com,https://www.linkedin.com/company/novel-financial-holdings,8_30_days,later_stage,private_equity,2026-06-22,,,,https://www.flexpointford.com/novel-financial-holdings-secures-investment-from-flexpoint-ford/,investor_announcement,Flexpoint Ford,2026-06-22,high,"Novel Financial Holdings, Inc. today announced it has received an investment from Flexpoint Ford, a specialist private equity firm, to support Novel's continued expansion.",research_confirmed_pending_human_validation
transition_571c0ba47c285cac1d8f76bc66162a3f,LEXISNEXIS DRAGONS Official Page,cardiffdragons.com,cardiffdragons.com,https://www.linkedin.com/company/dragons-official-page,8_30_days,equity_other,,2026-06-18,,,,https://walesnetball.com/wales-netball-secures-major-new-investment-in-the-dragons-as-ymladd-2030-gathers-pace/,company_newsroom,Wales Netball,2026-06-18,high,"The investment sees Machroes Holdings Limited take a 40% shareholding in the club, bringing new capital into the Dragons to strengthen the club and support its ambitions.",research_confirmed_pending_human_validation
transition_5743d36f3c974bbc309d4c492ff66646,Rowan,rowansci.com,rowansci.co,https://www.linkedin.com/company/rowansci,3_24_months,early,pre_seed,2024-12-09,2100000,USD,,https://rowansci.com,company_newsroom,Rowan,2024-12-09,high,"BOSTON, Dec. 9, 2024 — Rowan, a company building molecular design and simulation tools for scientists, today announced $2.1 million in pre-seed funding.",research_confirmed_pending_human_validation
transition_58e376f25232cf8d058329462896234c,Complyance,complyance.net,complyance.com,https://www.linkedin.com/company/complyance,3_24_months,series_a,series_a,2026-02-11,20000000,USD,,https://www.globenewswire.com/,company_issued_wire,GlobeNewswire,2026-02-11,high,"NEW YORK, Feb. 11, 2026 (GLOBE NEWSWIRE) -- Complyance, the leading AI-native Enterprise GRC platform, today announced a $20 million Series A led by GV (Google Ventures).",research_confirmed_pending_human_validation
transition_597b637d3a1a935ecb6592aa05c9bebd,Siin | سين,siin.shop,siin.shop,https://www.linkedin.com/company/getsiin,31_90_days,early,seed,2026-05-05,,USD,3000000,https://www.zawya.com/en/press-release/companies-news/siin-secures-new-funding,company_issued_wire,Zawya,2026-05-05,high,"Siin, the fastest-growing live shopping marketplace in MENA, today announced new funding, bringing its total capital raised to $3 million. The round was led by VentureSouq and Shift Group",research_confirmed_pending_human_validation
transition_59ce368878cedc9d188ab56afe0466bb,Tinkeso Therapeutics,tinkeso.com,tinkeso.com,https://www.linkedin.com/company/tinkeso-therapeutics,3_24_months,early,seed,2024-09-05,,,,https://www.tinkeso.com/press-release/,company_newsroom,Tinkeso Therapeutics,2024-09-05,high,"""With the funding from IndieBio, we now can start conducting preclinical work on autoimmune diseases with CAR-NKT approach.""",research_confirmed_pending_human_validation
transition_5ab4e451626583099e2defcd37ae7a77,New Energy Transport,newenergy.com.au,newenergy.com.au,https://www.linkedin.com/company/new-energy-transport,8_30_days,early,seed,2026-06-15,5000000,AUD,,https://newenergy.com.au,company_newsroom,New Energy Transport,2026-06-15,high,New Energy Transport (NET) has closed an initial $5 million equity raise to fast-track the electrification of Australian road freight. The round was backed by institutional investor Jekara Group.,research_confirmed_pending_human_validation
transition_5cced19d0dc76db31fb06df19bca817a,Cnuic Technologies,cnuic.com,cnuic.com,https://www.linkedin.com/company/cnuic,31_90_days,early,pre_seed,2026-04-28,3000000,USD,,https://tensor.ventures/,investor_announcement,Tensor Ventures,2026-04-28,high,"Cnuic has raised $3M in a pre-seed round led by Tensor Ventures and Blank Space Ventures, with participation from Silicon Roundabout Ventures, Phasechange, SANDS, and Superlative.",research_confirmed_pending_human_validation
transition_5e2ef3a841ceb87a991ceba1e7a89ce8,ZEROG Aircraft Industry,lzlair.com,lzlair.com,https://www.linkedin.com/company/零重力飞机工业zerog,8_30_days,series_b,Series B,2026-06-17,500000000,CNY,,https://lzlair.com,company_newsroom,ZEROG Aircraft Industry,2026-06-17,high,"零重力飞机工业完成近5亿元新一轮融资 ... ZEROG AIRCRAFT INDUSTRY(HEFEI)CO.,LTD.",research_confirmed_pending_human_validation
transition_60210f5efb20b0e3dfaecbd36489d006,Everlab,everlab.com.au,everlab.com.au,https://www.linkedin.com/company/everlab-health,8_30_days,series_a,series_a,2026-06-16,65000000,AUD,,https://www.businesswire.com,company_issued_wire,Business Wire,2026-06-16,high,"Australian healthtech Everlab has raised AU$65m in Series A funding. The oversubscribed round was led by Airtree Ventures (AU), with participation from global investors including Plural, Left Lane Capital and b2venture.",research_confirmed_pending_human_validation
transition_61f49eade7570e535ef63f2b3b11a13e,Subsense Inc.,subsense-bci.com,subsense-bci.com,https://www.linkedin.com/company/subsense-inc,3_24_months,early,seed,2025-12-11,10000000,USD,27000000,https://www.businesswire.com/,company_issued_wire,Business Wire,2025-12-11,high,"Subsense, Inc., a developer of non-surgical invasive, nanoparticle-based brain-computer interfaces (BCIs), has added $10 million in new capital following positive early breakthroughs, bringing total funding to $27 million.",research_confirmed_pending_human_validation
transition_624fef2466a34e6cab65b38985225815,ZyG,zyg.com,zyg.com,https://www.linkedin.com/company/zyg-edge,31_90_days,series_a,series_a,2026-05-05,60000000,USD,,https://www.prnewswire.com/,company_issued_wire,PR Newswire,2026-05-05,high,"ZyG today announced that it has raised a $60M Series A round led by Accel, with participation from Felix Capital and additional new and existing investors",research_confirmed_pending_human_validation
transition_64902fe1391671064ac1e79e8a54c731,allO,allo.restaurant,allo.restaurant,https://www.linkedin.com/company/allo-restaurant-system,31_90_days,series_a,Series A,2026-05-27,14000000,USD,,https://keenventurepartners.com,investor_announcement,Keen Venture Partners,2026-05-27,high,allO Raises $14M Series A Led by Zigg Capital to Scale the First AI-Native Operating System for Restaurants. Munich-based allO today launches its Reservation and Ordering Agent,research_confirmed_pending_human_validation
transition_65ec49a7348d88c9d493840bc5e60af4,Heka Global,hekaglobal.com,hekaglobal.com,https://www.linkedin.com/company/heka-global,3_24_months,series_a,series_a,2025-07-15,14000000,USD,,https://www.prnewswire.com/news-releases/heka-raises-14m-to-bring-real-time-identity-intelligence-to-financial-institutions-302505695.html,company_issued_wire,PR Newswire,2025-07-15,high,"The $14 million Series A round, led by Windare Ventures with participation by Barclays, Cornèr Banca, and other institutional investors, will accelerate Heka's U.S. expansion",research_confirmed_pending_human_validation
transition_672556dbcde3293263d5c4ea5c7dfea0,PointFive,pointfive.co,pointfive.co,https://www.linkedin.com/company/pointfive-us,31_90_days,series_b,series_b,2026-06-08,60000000,USD,,https://pointfive.co/,company_newsroom,PointFive,2026-06-08,high,"PointFive, the leader in AI and Cloud Efficiency, today announced a $60M Series B led by Accel, with participation from Salesforce Ventures, Entrée Capital, Perpetual Growth, Vesey Ventures, Sheva Ventures and Index Ventures.",research_confirmed_pending_human_validation
transition_676598fa8e83b43780cc2cd4fb8a9c80,Wild Frontiers,wildfrontierstravel.com,wildfrontierstravel.com,https://www.linkedin.com/company/wild-frontiers,8_30_days,later_stage,,2026-06-18,,,,https://www.bgf.co.uk/news/bgf-backs-adventure-travel-specialist-wild-frontiers/,investor_announcement,BGF,2026-06-18,high,"BGF has completed an investment in Wild Frontiers, the award-winning adventure travel company specialising in premium small group and tailor-made tours.",research_confirmed_pending_human_validation
transition_68333ab2fa04a44c83e0ee2f33094101,Sharpei AI,gosharpei.com,gosharpei.com,https://www.linkedin.com/company/sharpei,3_24_months,early,Series A,,,,,https://ship2bventures.com/,investor_announcement,Ship2B Ventures,,medium,"Series A·Climate·2025 · Sharpei. Product-as-a-service platform enabling brands to offer subscriptions, rentals and circular business models.",research_confirmed_pending_human_validation
transition_69389a1bf7ed70c23f75bb19928b7266,WIRobotics Inc.,wirobotics.com,wirobotics.com,https://www.linkedin.com/company/wirobotics,31_90_days,series_b,series_b,2026-05-14,95000000000,KRW,,https://www.prnewswire.com/,company_issued_wire,PR Newswire,2026-05-14,high,Global robotics company WIRobotics... announced that it has completed a KRW 95 billion (approximately USD 68 million) Series B funding round.,research_confirmed_pending_human_validation
transition_6a510f8dd52aa355fc9e240c28fb597e,IADYS,iadys.com,iadys.com,https://www.linkedin.com/company/iadys,3_24_months,series_a,series_a,2024-11-12,11000000,USD,,https://iadys.com/,company_newsroom,IADYS,2024-11-12,high,"IADYS, a French startup specialized in artificial intelligence and robotics for environmental purposes near Marseille, has raised 11 million USD to further develop its robotic products",research_confirmed_pending_human_validation
transition_6ab9ec659072bd9dc494d57dd2b43f62,Coris Holding,coris-holding.com,coris-holding.com,https://www.linkedin.com/company/coris-holding,3_24_months,later_stage,private_equity,2025-10-29,100000000,EUR,,https://www.fmo.nl/news,investor_announcement,FMO (Dutch entrepreneurial development bank),2025-10-29,high,Mediterrania Capital Partners (MCP)... is pleased to announce a €100-million coinvestment in Coris Holding... executed alongside European Development Finance Institutions (DFIs) — FMO...,research_confirmed_pending_human_validation
transition_6b13ead975b375c79e57c719d9c9d107,AquaVerse,aquaversegroup.com,aquaversegroup.com,https://www.linkedin.com/company/aquaversegroup,8_30_days,later_stage,private_equity,2026-07-01,,,,https://www.prnewswire.com/news-releases/balance-point-capital-advisors-announces-investment-in-aquaverse-302187654.html,company_issued_wire,PR Newswire,2026-07-01,high,"Balance Point Capital Advisors, LLC... is pleased to announce its investment in AquaVerse... Balance Point provided debt and equity capital to support multiple acquisitions.",research_confirmed_pending_human_validation
transition_6c311bb10cf5528f661abebfd0ece7e8,Oolka,oolka.ai,oolka.ai,https://www.linkedin.com/company/oolka,31_90_days,series_a,series_a,,,,,https://www.accel.com/portfolio/oolka,investor_announcement,Accel,,medium,AI-powered credit management app. Founders: Utkrishta Kuma. Initial Investment: series a in 2026. Partners: Sarthak Singh,research_confirmed_pending_human_validation
transition_6d0d21d5e97ffcb4a796711da59977d4,Heartstone Farm,heartstonefarm.com,heartstonefarm.com,https://www.linkedin.com/company/heartstone-farm-maine,8_30_days,equity_other,equity_crowdfunding,2026-06-17,792985,USD,,https://www.sec.gov/Archives/edgar/data/2033917/000203391726000006/0002033917-26-000006-index.htm,regulatory_filing,SEC,2026-06-17,medium,"Form C-U - Progress Update: SEC Accession No. 0002033917-26-000006. Filing Date: 2026-06-17. Heartstone Farm, Inc.",research_confirmed_pending_human_validation
transition_6fc678a658e3181bc1412764f38479b8,Simplifyance™,simplifyance.com,simplifyance.com,https://www.linkedin.com/company/simplifyance,3_24_months,series_a,,2025-04-08,2304660,USD,,https://www.sec.gov/Archives/edgar/data/1970914/000197091425000001/0001970914-25-000001-index.htm,regulatory_filing,U.S. Securities and Exchange Commission,2025-04-08,medium,"Notice of Exempt Offering of Securities for Simplifyance Inc. Filed on April 8, 2025, indicating an equity offering with $2,304,660 sold.",research_confirmed_pending_human_validation
transition_70fe61c9d559c85128026c870a841f48,Zaimo.ai,lp.zaimo.ai,lp.zaimo.ai,https://www.linkedin.com/company/zaimo,31_90_days,early,Seed,2025-02-05,640000,USD,,https://zaimo.ai,company_newsroom,Zaimo Inc.,2025-02-05,high,"TOKYO – February 5, 2025 – Zaimo Inc. ... today announced it has successfully closed a seed funding round of approximately $640K USD. The round was co-led by Delight Ventures and DEEPCORE",research_confirmed_pending_human_validation
transition_71e1e18a330d1c44c45045f91502586b,Archera,archera.ai,archera.ai,https://www.linkedin.com/company/archera-ai,3_24_months,series_b,series_b,2024-07-25,17000000,USD,,https://www.prnewswire.com/news-releases/archera-announces-series-b-funding-and-100-million-reinsurance-and-lending-capacity-to-transform-cloud-purchasing-and-management-302206253.html,company_issued_wire,PR Newswire,2024-07-25,high,"Archera, a leading provider of cloud purchasing and management solutions, announced today closing a $17 million Series B round accompanied by access to over $100 million in reinsurance capacity.",research_confirmed_pending_human_validation
transition_7231b5fc61676915f2a4310df136462b,Eradivir,eradivir.com,eradivir.com,https://www.linkedin.com/company/eradivir,3_24_months,equity_other,,2025-10-07,10000000,USD,30000000,https://www.businesswire.com/news/home/20251007000000/en/Eradivir-Secures-10-Million-in-Private-Financing,company_issued_wire,Business Wire,2025-10-07,high,Eradivir Inc... today announced the recent closing of a $10 million private financing round. We've minimized dilution by raising our first $30 million in milestone-based tranches.,research_confirmed_pending_human_validation
transition_723b3efb14d244c2bdaad83d4111b394,FUDI Protein,fudiprotein.com,fudiprotein.com,https://www.linkedin.com/company/fudiprotein,31_90_days,early,early-stage,2026-04-30,,,,https://www.prnewswire.com/news-releases/,company_issued_wire,PR Newswire,2026-04-30T00:00:00Z,high,"Global plant-based ingredient supplier Green Boy Group has led an early-stage investment in Fudi Protein, further cementing its position as the market leader in plant-based proteins.",research_confirmed_pending_human_validation
transition_72e01cec2c4e0ebaff1bcc6e53a0fab6,Keychain,keychain.com,keychain.com,https://www.linkedin.com/company/keychainhq,3_24_months,series_b,series_b,2025-08-19,30000000,USD,68000000,https://www.prnewswire.com/news-releases/keychain-raises-30-million-series-b-and-launches-keychainos-an-ai-operating-system-set-to-power-the-future-of-cpg-manufacturing-302224856.html,company_issued_wire,PR Newswire,2025-08-19,medium,"Keychain, the AI-powered manufacturing platform for the consumer packaged goods industry, today announced a $30 million Series B funding round... This brings Keychain's total funding to $68 million",research_confirmed_pending_human_validation
transition_73fe0067b1d3a8560c9b3c9572ccfb99,General Aviation,generalaviation.com,generalaviation.com,https://www.linkedin.com/company/general-aviation-company,8_30_days,early,,,,,,https://www.ycombinator.com/companies/general-aviation,investor_announcement,Y Combinator,,medium,"Fix ATC by connecting aircraft to the internet. Founded in 2026 by Ben Frank, General Aviation has 0 employees based in San Francisco... Batch: Spring 2026.",research_confirmed_pending_human_validation
transition_76e44a2161e9a4bf8561cfb6cf210b83,Feedplan,feedplan.com,feedplan.com,https://www.linkedin.com/company/feedplan,3_24_months,early,pre_seed,2024-07-18,,,,https://a16z.com/meet-the-talent-x-opportunity-fall-2024-cohort/,investor_announcement,Andreessen Horowitz,2024-07-18,medium,"We are excited to announce TxO's Fall 2024 cohort... Win Feigle (Feedplan)... Motivated by a mission to reduce consumer reliance on delivery services, he launched Feedplan...",research_confirmed_pending_human_validation
transition_771fc56c50f6ca172b82c1767176bb7f,Deep Cogito,deepcogito.com,deepcogito.com,https://www.linkedin.com/company/deep-cogito,3_24_months,series_a,series_a,2026-04-08,40000000,USD,,https://www.sec.gov/edgar/searchedgar/companysearch,regulatory_filing,Securities and Exchange Commission,2026-04-08,medium,"SEC Form D filed April 8, 2026 by Deep Cogito Inc. indicates an equity offering of $40.0M, listing Eric Vishria as Director.",research_confirmed_pending_human_validation
transition_775502141fb06dd27c3379122e34dad9,アイラト株式会社,airato.jp,airato.jp,https://www.linkedin.com/company/アイラト株式会社,3_24_months,early,Pre-Series A,2025-10-31,170000000,JPY,750000000,https://prtimes.jp/main/html/searchrlp/company_id/119113,company_issued_wire,アイラト株式会社,2025-10-31,high,アイラト株式会社は、プレシリーズAの2ndクローズにて1.7億円の資金調達を完了したことを発表いたします。創業以来の累計資金調達額は7.5億円となりました。,research_confirmed_pending_human_validation
transition_77d579ba8adaa7d35af251ca5f7461fe,Biographica,graphica.bio,graphica.bio,https://www.linkedin.com/company/biographica-ltd,3_24_months,early,seed,2026-01-07,7000000,GBP,,https://graphica.bio/,company_newsroom,Biographica,2026-01-07,medium,"Biographica, a London-based AI startup... today announced a £7 million funding round led by Faber VC. The investment will accelerate the creation of climate-resilient, productive and nutritious crops",research_confirmed_pending_human_validation
transition_7850c22a9f6b383704a32b197cbb83ef,Delfin Midstream,delfinmidstream.com,delfinmidstream.com,https://www.linkedin.com/company/delfin-midstream,31_90_days,later_stage,private_equity,2026-06-03,5000000000,USD,,https://delfinmidstream.com,company_newsroom,Delfin Midstream,2026-06-03,high,"Delfin Midstream announced a $5 billion Final Investment Decision for its first FLNG vessel. Concurrent with the FID, a group of investors led by Global Infrastructure Partners agreed to invest.",research_confirmed_pending_human_validation
transition_78e495c4313c95f67e93adf2c2433291,Universal Diagnostics S.A.,universaldx.com,universaldx.com,https://www.linkedin.com/company/universal-diagnostics-sa,3_24_months,series_b,series_b,2024-08-15,,,,,company_issued_wire,Business Wire,2024-08-15,high,"Universal DX (UDX)... today announced closure of the Series B which funds the clinical trial for its colorectal cancer screening blood test, Signal-C, aimed at achieving FDA premarket approval.",research_confirmed_pending_human_validation
transition_7be2ccf0e80291d18e7f8c6cb7222129,Cogent,cogent.com,cogent.com,https://www.linkedin.com/company/cogentsecurity,3_24_months,series_a,Series A,2026-02-18,42000000,USD,53000000,https://www.prnewswire.com/news-releases/cogent-security-raises-42m-series-a-to-arm-security-teams-with-autonomous-ai-agents-302691566.html,company_issued_wire,PR Newswire,2026-02-18,high,Cogent Security today announced $42 million in Series A funding led by Bain Capital Ventures... The financing brings Cogent's total funding to $53 million.,research_confirmed_pending_human_validation
transition_7c5e3c7abf7cfb966ade9a9038fc3076,AZ NGA,aznga.com,aznga.com,https://www.linkedin.com/company/az-next-generation-advisory-pty-ltd,3_24_months,later_stage,private_equity,2024-09-30,240000000,AUD,,https://aznga.com/news/,company_newsroom,AZ NGA,2024-09-30,high,"Oaktree will invest A$240 million and become the largest shareholder of AZ NGA, while Azimut Group, Management and current shareholders will continue to retain a strategic stake in the Company.",research_confirmed_pending_human_validation
transition_7c93dd6552cbbcc04d2b11b67c1ffa26,Assemblia,assemblia.ai,assemblia.ai,https://www.linkedin.com/company/assemblia-ai,3_24_months,early,seed,2025-05-30,154950,USD,,https://www.sec.gov/cgi-bin/browse-edgar?CIK=0002070904&action=getcompany,regulatory_filing,SEC,2025-05-30,high,COMPANY CONFORMED NAME: Assemblia Inc. CENTRAL INDEX KEY: 0002070904... FILED AS OF DATE: 20250530... SUBMISSION TYPE: D,research_confirmed_pending_human_validation
transition_7ce1c88e4cbe39e573e0e9a26140f610,Nesto Software GmbH,nesto-software.com,nesto-software.com,https://www.linkedin.com/company/nesto-software,3_24_months,later_stage,Growth Equity,2026-04-13,11000000,EUR,,https://expedition.capital/nesto-raises-11m-from-expedition-to-scale-ai-driven-workforce-management-for-restaurant-groups/,investor_announcement,Expedition Growth Capital,2026-04-13,high,Nesto Software GmbH (“Nesto”) has secured €11 million in growth equity funding from Expedition Growth Capital.,research_confirmed_pending_human_validation
transition_7d626c14e085c892bcbfef67dd3f183c,FuVeX,fuvex.com,fuvex.com,https://www.linkedin.com/company/fuvex,3_24_months,series_a,series_a,2025-10-21,1700000,EUR,,https://www.sodena.com,investor_announcement,Sodena,2025-10-21,high,"Sodena, sociedad pública del Gobierno de Navarra, ha liderado la ronda de financiación Serie A cerrada por Fuvex... La operación, que alcanza los 1,7 millones de euros en su primera fase de captación...",research_confirmed_pending_human_validation
transition_7e40ccc366d8482e982b0d08851eac35,Climate First Bank,climatefirstbank.com,climatefirstbank.com,https://www.linkedin.com/company/climate-first-bank,31_90_days,later_stage,private_equity,2026-06-10,67000000,USD,222000000,https://www.morningstar.com/news/accesswire/1174477msn/climate-first-bancorp-closes-new-67-million-strategic-funding-round,company_issued_wire,ACCESSWIRE,2026-06-10,high,"Climate First Bancorp (www.climatefirstbank.com), a financial holding company operating Climate First Bank... today announced they closed a new $67 million strategic funding round.",research_confirmed_pending_human_validation
transition_7f29b291859592a9abc23997f52ec8a8,Rentify 🇦🇪,gorentify.com,gorentify.com,https://www.linkedin.com/company/rentifyllc,8_30_days,early,seed,2026-06-22,2000000,USD,2500000,https://www.zawya.com,company_issued_wire,Zawya,2026-07-01,high,"Dubai, UAE: Rentify, the UAE-born company at the intersection of fintech and proptech... today announced USD 2 million in seed funding from a syndicate of real estate and fintech investors.",research_confirmed_pending_human_validation
transition_805fdd8736109fa32c1338e2425ed9bb,Entelo Bio,entelo.bio,entelo.bio,https://www.linkedin.com/company/entelobiosciences,31_90_days,early,,2026-04-24,4000000,USD,4000000,https://www.prnewswire.co.uk/news-releases/entelo-bio-raises-4m-to-transform-human-physical-resilience-302752632.html,company_issued_wire,PR Newswire,2026-04-24,high,"Entelo Bio, an AIxBio company focused on the biology of movement and ageing, emerges from stealth today with a total of $4 million in funding, led by Ananda Impact Ventures",research_confirmed_pending_human_validation
transition_82412c8765cc4c789195abec1708d023,Novellia,novellia.com,novellia.com,https://www.linkedin.com/company/novellia,31_90_days,series_a,series_a,2026-06-02,18000000,USD,28000000,https://www.prnewswire.com/news-releases/novellia-secures-18m-series-a-to-scale-patient-powered-data-platform-solving-pharmas-50b-problem,company_issued_wire,PR Newswire,2026-06-02T13:00:00Z,high,"Novellia Secures $18M Series A to Scale Patient-Powered Data Platform... Novellia, the only real-world data company built entirely on information patients choose to contribute to medical research, today announced an $18...",research_confirmed_pending_human_validation
transition_84825ba4b542d4c0901d357847443abc,Altilium Clean Technology,altilium.tech,altilium.tech,https://www.linkedin.com/company/altilium-clean-technology,31_90_days,equity_other,equity_crowdfunding,2026-06-22,1000000,USD,,https://altilium.tech,company_newsroom,Altilium Clean Technology,2026-06-22,high,"Altilium, a UK-based clean technology company... announced the successful completion of its latest retail investment round, raising approximately $1 million from more than 750 investors.",research_confirmed_pending_human_validation
transition_861aa923713465f0d21cc54c9fd40f21,BANDITS,banditshq.com,banditshq.com,https://www.linkedin.com/company/banditshq,3_24_months,early,Seed,2025-11-19,400000,EUR,,https://www.miton.cz/,investor_announcement,Miton,2025-11-19,high,Miton investuje €400k do startupu... Do Bandits vstoupil ještě před spuštěním Miton v roli zakládajícího investora. Do startupu vkládá 400 tisíc euro.,research_confirmed_pending_human_validation
transition_867025ab244aefc61a31921c2ba13da3,HMNC Brain Health,hmnc-brainhealth.com,hmnc-brainhealth.com,https://www.linkedin.com/company/hmnc-brain-health,8_30_days,series_b,series_b,2026-06-15,50000000,USD,,https://www.globenewswire.com/,company_issued_wire,GlobeNewswire,2026-06-15,high,"HMNC Brain Health, a clinical-stage neuroscience company, today announced the successful $50 million first closing of its Series B financing to support the advancement of the Company's clinical programs.",research_confirmed_pending_human_validation
transition_86c6251c4995be23461e8d79ae8b4cf0,"DiPonio Contracting, Inc.",diponiocontracting.com,diponiocontracting.com,https://www.linkedin.com/company/diponio-contracting,8_30_days,later_stage,private_equity,2026-06-22,,,,https://evolutionstrategy.com,investor_announcement,Evolution Strategy Partners,2026-06-22,high,"Evolution Strategy Partners... announced the successful recapitalization of its portfolio company, DiPonio Contracting... Evolution welcomed a group of new equity partners to the recapitalization, including Ace & Company, BMO Capital Partners.",research_confirmed_pending_human_validation
transition_881079824faa189254f0daa2d64299ef,Wakeline,wakeline.ai,wakeline.ai,https://www.linkedin.com/company/wakelineai,8_30_days,early,pre_seed,2026-06-23,2100000,EUR,,https://wakeline.ai/news,company_newsroom,Wakeline,2026-06-23,high,"Wakeline sichert sich 2,1 Millionen Euro. Pre-Seed-Finanzierung für den Ausbau von Continuous-Learning-KI: TechVision Fonds und neoteq ventures investieren in Wakeline.",research_confirmed_pending_human_validation
transition_8a1def5ed799f4a72e07304a8b67b6b6,CARKU,car-ku.com,car-ku.com,https://www.linkedin.com/company/carku,3_24_months,series_b,series_b,2025-03-21,,CNY,,https://www.cowincapital.com.cn/,investor_announcement,Cowin Capital,2025-03-24,high,同创伟业独家投资「华思旭」，赋能核心技术破局全球锂电应用市场 ... 近亿元融资 (Cowin Capital exclusively invested nearly 100M RMB in Huasixu/CARKU).,research_confirmed_pending_human_validation
transition_8a27008fa9317d14baf1533ecafc4c08,"Beijing Smart Satellite Technology Co., Ltd.",smartsatellite.com,smartsatellite.com,https://www.linkedin.com/company/beijing-smartsat-technology-co-ltd,31_90_days,series_b,series_b,2026-04-29,,,,,company_newsroom,Zhixing Space Official WeChat (智星空间),2026-04-29,medium,据智星空间官微消息，近日，济南智星空间技术有限公司完成超亿元B+轮融资，本轮由中银国际投资领投，中信建投资本和渝富控股旗下中新基金共同参与。,research_confirmed_pending_human_validation
transition_8af9b3075605321ee5c0d01473c58e89,Fixposition,fixposition.com,fixposition.com,https://www.linkedin.com/company/fixposition,3_24_months,early,,2022-12-21,,,,https://www.fixposition.com,company_newsroom,Fixposition,2022-12-21,medium,"Schlieren, Switzerland – Dec 21, 2022 – Segway-Ninebot, well known for its intelligent short-distance transportation devices and service robots, has joined an illustrious list of investors into Fixposition AG.",research_confirmed_pending_human_validation
transition_8baf360d8a4d69c53d59d8604b0f8af0,Bubble Down Car Wash,bubbledown.com,bubbledown.com,https://www.linkedin.com/company/bubble-down-car-wash,8_30_days,later_stage,private_equity,2026-06-29,200000000,USD,,https://www.businesswire.com/,company_issued_wire,Business Wire,2026-06-29,high,Strat Cap has committed $200 million in growth capital to fund the Company's expansion across Florida and the Southeast.,research_confirmed_pending_human_validation
transition_8bb7a97d4df49f45a6de39fa4ae7fa6e,GAGA,gaga-app.com,gaga-app.com,https://www.linkedin.com/company/gagaapp,3_24_months,early,Pre-Series A,2026-03-25,2500000,USD,4200000,https://www.zawya.com,company_issued_wire,Zawya,2026-03-25,high,"Phoenix Venture Partners Limited (PVP) announced today that it has led the $2.5 million Pre Series A priced equity round in GAGA Inc., the Saudi edtech platform.",research_confirmed_pending_human_validation
transition_8d93caa2ec40f1f35847ad537b0ef91b,PhysicsX,physicsx.ai,physicsx.ai,https://www.linkedin.com/company/physicsx,31_90_days,later_stage,series_c,2026-06-08,300000000,USD,,https://physicsx.ai,company_newsroom,PhysicsX,2026-06-08,high,"PhysicsX, the physics AI company for industrials, today announced an oversubscribed $300 million Series C financing at a valuation of approximately $2.4 billion.",research_confirmed_pending_human_validation
transition_8daedca3c0b47cc29694c48006f23e70,"Sino Applied Technology Co., Ltd",siat.cc,siat.cc,https://www.linkedin.com/company/siat-tech,3_24_months,later_stage,series_c,2025-05-12,20000000,USD,,https://www.businesswire.com/news/home/20250511242604/en/,company_issued_wire,Business Wire,2025-05-12,high,Zeon will lead a $20 million USD Series C fundraising round in SiAT to support the expansion of its production capacity for single-walled carbon nanotube (SWCNT) conductive paste,research_confirmed_pending_human_validation
transition_8ef1da8b2a917172d30946a86b536da3,"VICTUS Technologies, Inc.",getvictus.ai,getvictus.ai,https://www.linkedin.com/company/victustech,3_24_months,early,seed,2026-03-25,,,,https://www.prnewswire.com/,company_issued_wire,PR Newswire,2026-03-25,high,"VICTUS Technologies, a contested autonomy company, today announced the close of a seed funding round led by Bow Capital, with participation from Techstars, Marque Ventures, 10VC, and Intbox Ventures.",research_confirmed_pending_human_validation
transition_8ef6b6c5fbf396354790e5483aba76ff,Salmon Group Ltd,salmon.ph,salmon.ph,https://www.linkedin.com/company/salmonphilippines,31_90_days,series_b,series_b,2026-04-20,60000000,USD,,https://salmon.ph,company_newsroom,Salmon Group,2026-04-20,medium,Salmon Group today announces a $100 million financing round. The equity component totals $60 million and features prominent US-based venture investors. The round was led by Spice Expeditions.,research_confirmed_pending_human_validation
transition_8fb2063bee89981dcfe7bf3d4d287197,Audion,audion.ai,audion.ai,https://www.linkedin.com/company/audi-on,31_90_days,series_b,series_b,2026-04-27,15000000,USD,,https://www.audion.ai/blog/audion-raises-15-million-to-expand-into-us-and-accelerate-development-of-ai-based-audio-performance-tool,company_newsroom,Audion,2026-04-27,high,"Audion, an AI-powered advertising platform specialising in digital audio, announces $15 million in Series B funding.",research_confirmed_pending_human_validation
transition_91d21a1b1ae4d60c48a1cc49075592c3,HALA,hala.com,hala.com,https://www.linkedin.com/company/halapayments,3_24_months,series_b,series_b,2025-09-15,157000000,USD,,https://www.wamda.com/2025/09/hala-raises-157-million-landmark-series-b-round,investor_announcement,Wamda,2025-09-15,high,"Saudi Arabia-based fintech HALA has raised $157 million in a Series B round. The funding round is led by The Rise Fund, TPG's multi-sector global impact investing strategy, and Sanabil Investments.",research_confirmed_pending_human_validation
transition_920de4bb66716efe03280e72357ca5c7,SolarDew Clean Water B.V.,solardew.com,solardew.com,https://www.linkedin.com/company/solardew,31_90_days,early,seed,2026-06-03,800000,EUR,,https://republic.com/solardew,investor_announcement,Republic Europe,2026-04-24,medium,"SolarDew has been co-funded by the EIC Accelerator and backed by professional investors, securing €800k for the current round.",research_confirmed_pending_human_validation
transition_92d627aff51c7b14643889bfa43e896c,Ora Computing,oracomputing.com,oracomputing.com,https://www.linkedin.com/company/ora-computing,8_30_days,early,seed,2026-06-24,3500000,EUR,,https://xista.com/news/ora-computing-raises-eu3-5m-seed-round-to-build-the-efficiency-layer-of-the-ai-stack,investor_announcement,XISTA Science Ventures,2026-06-24,high,"Ora Computing, a startup specializing in optimizing and compressing AI foundation models, today announced the close of a €3.5 million seed round led by Constructor Capital and Greencode Ventures, with continued backing from foundational investor XISTA Science Ventures.",research_confirmed_pending_human_validation
transition_9301c0556890257d4003f0c7978a4bed,Lilac Agriculture,lilac.ag,lilac.ag,https://www.linkedin.com/company/lilac-agriculture,3_24_months,early,seed,2026-04-09,1679464,USD,,https://www.sec.gov/edgar/browse/?CIK=0002128643,regulatory_filing,U.S. Securities and Exchange Commission,2026-04-09,high,"UNITED STATES SECURITIES AND EXCHANGE COMMISSION Washington, D.C. 20549. FORM D Notice of Exempt Offering of Securities... Name of Issuer: Lilac Agriculture, Inc.",research_confirmed_pending_human_validation
transition_9320047ab6889afbf12562450c85da83,o1.exchange,o1.exchange,o1.exchange,https://www.linkedin.com/company/o1exchange,3_24_months,early,seed,,4800000,USD,,https://o1.exchange,company_newsroom,o1.exchange,2026-06-02,high,"o1.exchange has completed one funding round: Round: Seed. Year: 2025. Amount Raised: $4.8M. Investors: Coinbase Ventures, a16z, AllianceDAO, The House Fund...",research_confirmed_pending_human_validation
transition_9779188141a17102f5d463c2066360b6,Upside,joinupside.com,joinupside.com,https://www.linkedin.com/company/joinupside,8_30_days,series_a,series_a,2026-06-25,20000000,USD,,https://www.prnewswire.com/news-releases/upside-lands-20m-series-a-to-solve-the-us-housing-crisis-for-healthcare-302810401.html,company_issued_wire,PR Newswire,2026-06-25,high,"Upside, the only nationally scalable housing stability platform purpose-built for healthcare, today announced a $20 million Series A.",research_confirmed_pending_human_validation
transition_97a6920d91aab82c4b11893c2749b2e9,Giga,giga.ai,giga.ai,https://www.linkedin.com/company/gigaml,3_24_months,series_a,series_a,2025-11-05,61000000,USD,,https://giga.ai/blog/giga-series-a,company_newsroom,Giga,2025-11-05,high,Giga has raised $61M led by Redpoint. Esha and I started Giga in our college dorm.,research_confirmed_pending_human_validation
transition_9a031cd9f48a9ff98681419b218d487f,Duravent Group,duraventgroup.com,duraventgroup.com,https://www.linkedin.com/company/duraventgroup,3_24_months,later_stage,private_equity,2026-03-18,,,,https://www.baincapital.com/news/,investor_announcement,Bain Capital,2026-03-18,high,Duravent Group today announced it has secured a significant strategic growth investment from Bain Capital. Financial terms of the private investment were not disclosed.,research_confirmed_pending_human_validation
transition_9b2a3f837e7f7f950418700b195c947b,GORGIE,getgorgie.com,getgorgie.com,https://www.linkedin.com/company/gorgie,31_90_days,equity_other,Series A,2025-04-29,24500000,USD,37000000,https://vertexaisearch.cloud.google.com/grounding-api-redirect/AUZIYQF3sUD7HwUIyV8MI-RkEbXpfCtmcIBwJSHeUhoRCJ1Sf4_vNxEcA-M243A7x0r4i9KBrCfzIbJ2s3qQs7xJjAc5U0TPDgrQ_oTsy1M1yT0T1gjcBuTIQJKRsfsEk2tfeQOzNaxTFVr-jU-EL3z0hJ38LRzOqa59j_4DSDi0KvrP-TF9FW0k1E-JM1QVK7-GRaABeEp-9IF8_xl3N5eIRFnpirFK79E06EmuDtVUZb2sUV_A68W5eOGz90qtPMo4GN1xGjT_AuBsro5d0PIGlnJc,company_issued_wire,PR Newswire,2025-04-29,medium,"""GORGIE, the wellness-forward energy drink brand... today announced the close of its $24.5 million Series A funding round, led by Notable Capital... bringing total funding to $37 million since launch.""",research_confirmed_pending_human_validation
transition_9cad2e3dd8b41af0fc2cd294bd4740de,Rune Technologies,runetech.co,runetech.co,https://www.linkedin.com/company/runetech,3_24_months,series_a,series_a,2025-07-21,24000000,USD,,https://www.businesswire.com,company_issued_wire,Business Wire,2025-07-21,high,"""Rune Technologies... today announced $24 million in Series A funding. The round was led by Human Capital with participation from Pax VC and Washington Harbour Partners...""",research_confirmed_pending_human_validation
transition_9cd3510eedb986d939ccb7011d92839b,MAJC✨,majc.ai,majc.ai,https://www.linkedin.com/company/majc,31_90_days,early,,2026-02-23,2000000,USD,,,company_issued_wire,PR Newswire,2026-02-23,medium,"With $2 million in funding, the MAJC platform has three pillars: MAJC Jobs, MAJC Academy, and MAJC Community, each with a unique purpose and design",research_confirmed_pending_human_validation
transition_9d76c7b9d3845540e2197f7c5ab058c4,Netbank,netbank.ph,netbank.ph,https://www.linkedin.com/company/netbank-ph,31_90_days,series_b,series_b,2026-04-22,,,,https://altaraventures.com,investor_announcement,Altara Ventures,2026-04-22,high,Netbank has secured Series B funding led by Altara Ventures to expand its licensed Banking-as-a-Service (BaaS) platform in the Philippines.,research_confirmed_pending_human_validation
transition_9ff4e4eaf0e71bce95aa056325c49fbc,Wingbits,wingbits.com,wingbits.com,https://www.linkedin.com/company/wingbits,3_24_months,early,,,5600000,USD,5600000,https://wingbits.com/about,company_newsroom,Wingbits,,medium,"2024. $5.6 million raised. The team successfully raises a second round of funding led by Borderless Capital and Bullish Capital, bringing total funding to $5.6 million",research_confirmed_pending_human_validation
transition_a06a29322caec9500126fd75d66ea71d,Propsoch,propsoch.com,propsoch.com,https://www.linkedin.com/company/propsoch,31_90_days,early,seed,2026-06-03,2000000,USD,,https://www.rediff.com/,company_issued_wire,PTI (Press Trust of India),2026-06-03,high,"Bengaluru-based real estate consultant Propsoch on Wednesday said it has raised USD 2 million in a seed funding round led by Athera Venture Partners, Sparrow Capital, and Vakil Group.",research_confirmed_pending_human_validation
transition_a0fe94bb827827255fe083a4d6558e2f,MOPP Foods,moppfoods.com,moppfoods.com,https://www.linkedin.com/company/moppfoods,3_24_months,equity_other,corporate_round,2025-03-29,,,,https://www.businesswireindia.com/,company_issued_wire,Business Wire India,2025-03-29,high,"Kouzina Food Tech, a leading Bengaluru-based food platform, has made a strategic investment in MOPP Foods, a fast-growing Delhi-NCR cloud kitchen startup featured on Shark Tank India Season 2.",research_confirmed_pending_human_validation
transition_a1cc62941de964f77e80bee078709fa9,"EnrollHere, Inc.",enrollhere.com,enrollhere.com,https://www.linkedin.com/company/enrollhere,31_90_days,later_stage,,2026-04-20,,,,https://www.aquiline.com/news/enrollhere-inc-announces-investment-from-aquiline-to-advance-technology-for-medicare-advantage-distribution,investor_announcement,Aquiline Capital Partners,2026-04-20,high,"EnrollHere Inc., an AI-powered platform and system of record for insurance distribution, today announced an investment from Aquiline that will help EnrollHere advance technology for Medicare Advantage distribution",research_confirmed_pending_human_validation
transition_a289e789b68a1f364fe990e008d9ee38,Arcee AI,arcee.ai,arcee.ai,https://www.linkedin.com/company/arcee-ai,3_24_months,series_a,series_a,2024-07-16,24000000,USD,,https://www.arcee.ai/blog/our-series-a-julien-simon-joins-the-team-arcee-cloud-goes-live,company_newsroom,Arcee AI,2024-07-17,high,"First, we're proud to announce our $24 million Series A. Emergence Capital led the round, which also included seed investors Long Journey Ventures... and new investor Arcadia Capital.",research_confirmed_pending_human_validation
transition_a5355fc2f3ad39ca87f56442fb2006f1,happyhotel,happyhotel.io,happyhotel.io,https://www.linkedin.com/company/happyhotel,3_24_months,series_a,series_a,2026-02-19,6500000,EUR,,https://happyhotel.io/en/press/,company_newsroom,happyhotel,2026-02-19,high,"happyhotel, the revenue management software for independent hotels and hotel groups across Europe, has successfully closed a €6.5 million Series A funding round.",research_confirmed_pending_human_validation
transition_a53d5e6862e0e98f3f55948dfdcba83f,EMO.energy,emoenergy.in,emoenergy.in,https://www.linkedin.com/company/emoenergy,8_30_days,series_b,pre-Series B,2026-07-10,590000000,INR,,https://gruhas.com,investor_announcement,Gruhas,2026-07-10,high,"Perspective. EMO Energy Secures ₹59 crore in pre-Series B funding. July 10, 2026.",research_confirmed_pending_human_validation
transition_a5ed42bcbf9a0e66caddb96e8ef3d720,knownwell,knownwell.co,knownwell.co,https://www.linkedin.com/company/knownwellhealth,3_24_months,series_b,series_b,2025-10-20,25000000,USD,50000000,https://www.businesswire.com,company_issued_wire,Business Wire,2025-10-20,high,"knownwell, a nationwide leader in obesity medicine and weight-inclusive primary care, today announced $25 million in an oversubscribed, strategic-led financing. The round was led by CVS Health Ventures...",research_confirmed_pending_human_validation
transition_a800ad3989d5afdaf78708b791ba65d1,Nova Sky Stories,novaskystories.com,novaskystories.com,https://www.linkedin.com/company/nova-sky-stories,3_24_months,early,Series B,2025-09-23,50000000,USD,,,company_issued_wire,Business Wire,2025-09-23,high,Nova Sky Stories... announced that Shervin Pishevar... has joined the company's board of directors. Sofreh Capital... led the company's recent $50 million Series B round.,research_confirmed_pending_human_validation
transition_a8396e20a96a1f6b3c96cc84a2642fee,8090 Solutions,8090.ai,8090.ai,https://www.linkedin.com/company/8090solutions,8_30_days,series_a,series_a,2026-06-29,135000000,USD,,https://8090.ai/news/why-we-raised-our-series-a,company_newsroom,8090,2026-06-29,high,"8090 raised $135M in our Series A, led by Salesforce and joined by WNDR, Craft Ventures, The Production Board, and LAUNCH.",research_confirmed_pending_human_validation
transition_a84ceb0520b20c8dcd7bb153e02e2cb4,Cognichip,cognichip.ai,cognichip.ai,https://www.linkedin.com/company/cognichip,3_24_months,series_a,Series A,2026-04-01,60000000,USD,93000000,https://www.cognichip.ai/,company_newsroom,Cognichip,2026-04-01,high,"Cognichip, the company pioneering ACI®... today announced an oversubscribed $60 million Series A financing led by Seligman Ventures... bringing the company's total funding to $93 million.",research_confirmed_pending_human_validation
transition_a866d7a293a198502fac4d1f6b91f0e0,"Dalan Animal Health, Inc.",dalan.com,dalan.com,https://www.linkedin.com/company/dalan-animal-health-inc,3_24_months,early,seed,2025-11-19,3000000,USD,,https://www.prnewswire.com/news-releases/dalan-animal-health-closes-3m-seed-round-via-safe-financing-to-advance-commercialization-of-first-in-class-shrimp-vaccine-and-expand-platform-applications-302309831.html,company_issued_wire,PR Newswire,2025-11-19,high,"Dalan Animal Health, Inc. ... today announced the successful closure of a $3 million SAFE (Simple Agreement for Future Equity) funding round. The round included Good Growth Capital together with Meach Cove Capital",research_confirmed_pending_human_validation
transition_a9f8b9e313f83ddd29d08bc89962d57a,The Pathfinder,drinkthepathfinder.com,drinkthepathfinder.com,https://www.linkedin.com/company/the-pathfinder-spirit,3_24_months,series_b,Series B,2025-09-10,3600000,USD,,https://www.prnewswire.com/news-releases/stoli-group-backs-the-pathfinder-in-36m-raise-accelerating-zero-proof-expansion,company_issued_wire,PR Newswire,2025-09-10,high,"""The Pathfinder, the fermented and distilled non-alcoholic elixir that's redefining the zero-proof spirits category, is pleased to announce it has closed a $3.6 million Series B funding round...""",research_confirmed_pending_human_validation
transition_aa9bc730bd5c6de4bce3d2abf148eabc,Netris,netris.io,netris.io,https://www.linkedin.com/company/netrisio,8_30_days,series_a,Series A,2026-06-25,15000000,USD,,https://www.netris.io/news/,company_newsroom,Netris,2026-06-25,high,"SANTA CLARA, Calif., June 25, 2026 — Netris, the leading provider of network automation and multi-tenancy for AI infrastructure, today announced a $15M Series A round led by Andreessen Horowitz.",research_confirmed_pending_human_validation
transition_aa9ec4e34b3a04462d12077a36348965,3V Infrastructure,3vinfrastructure.com,3vinfrastructure.com,https://www.linkedin.com/company/3v-infrastructure,3_24_months,later_stage,,2024-08-06,40000000,USD,,https://www.businesswire.com/news/home/20240806148380/en/3V-Infrastructure-Launches-to-Expand-Access-to-EV-Charging-and-Accelerate-Widespread-Adoption-of-Electric-Vehicles,company_issued_wire,Business Wire,2024-08-06,high,"The company has secured a commitment of up to $40 million from an affiliate of Greenbacker Capital Management, that provides strategic growth capital to leading energy transition companies.",research_confirmed_pending_human_validation
transition_ab5bd233ff99391c0d36e1b95749670e,ForSight Robotics,forsightrobotics.com,forsightrobotics.com,https://www.linkedin.com/company/forsightrobotics,3_24_months,series_b,Series B,2025-06-24,125000000,USD,195000000,https://forsightrobotics.com,company_newsroom,ForSight Robotics,2025-06-24,high,"ForSight Robotics, the pioneer in ophthalmic robotic surgery, announced today it completed a $125M Series B round, led by Eclipse.",research_confirmed_pending_human_validation
transition_acc4cdb6a53958bb5162ef713791703c,Gradial,gradial.com,gradial.com,https://www.linkedin.com/company/gradialai,8_30_days,later_stage,series_c,2026-06-17,65000000,USD,,https://gradial.com,company_newsroom,Gradial,2026-06-17,high,"Today, we're announcing a $65 million Series C, led by Insight Partners alongside VMG, Madrona, and PruVen, to build on our vision for a system of work for enterprise marketing...",research_confirmed_pending_human_validation
transition_ae83d41281266dbfb1ada0e13bcd0c9a,OpenFX,openfx.com,openfx.com,https://www.linkedin.com/company/openfx,3_24_months,series_a,series_a,2026-03-31,94000000,USD,,https://openfx.com,company_newsroom,OpenFX,2026-03-31,high,"Today, we're announcing $94M in Series A funding led by Accel, Atomico, Lightspeed Faction, M13, Northzone, and Pantera - with support from existing investors Flybridge, and Hash3.",research_confirmed_pending_human_validation
transition_aea62a95da82d0cf14667a2c826a8ea2,Field Materials AI,fieldmaterials.com,fieldmaterials.com,https://www.linkedin.com/company/fieldmaterials,3_24_months,series_a,Series A,2025-04-30T00:00:00Z,10500000,USD,19000000,https://www.prweb.com/,company_issued_wire,PRWeb (PR Newswire),2025-04-30T00:00:00Z,high,"Field Materials, which develops an AI platform for material and equipment procurement in construction, has raised $10.5M in a Series A round, bringing its total funding to nearly $19M.",research_confirmed_pending_human_validation
transition_afbe5c781cc12f2d9c24b5a06b5e76a7,DyFlex Solutions,dyflex.com.au,dyflex.com.au,https://www.linkedin.com/company/dyflex-solutions,3_24_months,later_stage,private_equity,2025-02-07,,,,https://www.fivevcapital.com/news/five-v-invests-in-dyflex,investor_announcement,Five V Capital,2025-02-07,high,"Five V Capital is excited to announce our investment in DyFlex Solutions, Australia's leading independent SAP Platinum Partner.",research_confirmed_pending_human_validation
transition_b0e42c871584e3d1f40ec23ea96a81f0,AcuityMD,acuitymd.com,acuitymd.com,https://www.linkedin.com/company/acuitymd,31_90_days,later_stage,Series C,2026-04-21,80000000,USD,160000000,https://acuitymd.com/news/acuitymd-lands-80-million-in-new-funding-to-fuel-ai-innovation-in-medical-device-medtech-industry,company_newsroom,AcuityMD,2026-04-21,high,"AcuityMD, the AI platform for MedTech, today announced $80 million in new funding... The Series C round was led by existing investor StepStone Group.",research_confirmed_pending_human_validation
transition_b10cdbad7d53e959d6c02d5485f7f39a,株式会社アトム,atom-humanoid.com,atom-humanoid.com,https://www.linkedin.com/company/atom-humanoid,31_90_days,early,seed,2026-05-27,3000000000,JPY,,https://prtimes.jp/,company_issued_wire,PR TIMES,2026-05-27,high,株式会社アトムは...シードラウンドにおいて総額30億円の資金調達を実施したことをお知らせします。,research_confirmed_pending_human_validation
transition_b1fefa8999559ac9dac2e2add05f6e9a,Boundary.AI,boundaryai.cn,boundaryai.cn,https://www.linkedin.com/company/boundaryai,31_90_days,series_b,series_b,2026-04-16,,CNY,,https://boundaryai.com,company_newsroom,Boundary.AI,2026-04-16,high,近日，边界智控宣布完成超亿元B轮融资，本轮新引入建发新兴投资、张科垚坤、星启未来，同时老股东毅达资本与弘晖投资继续追加。,research_confirmed_pending_human_validation
transition_b263747a2d85f97159c59d8450a8391a,LiveMode,livemode.com,livemode.com,https://www.linkedin.com/company/livemode,31_90_days,equity_other,private_equity,2024-04-23,,,,https://www.generalatlantic.com/media-article/general-atlantic-and-xp-announce-strategic-minority-investment-in-brazil-based-livemode/,investor_announcement,General Atlantic,2024-04-23,medium,"General Atlantic, a leading global growth investor, announced today the firm has led a strategic minority investment in LiveMode... This investment also included the participation of XP Private Equity",research_confirmed_pending_human_validation
transition_b3955a5328eb59a90180b3366ce0559d,Entermind.ai,entermind.ai,entermind.ai,https://www.linkedin.com/company/entermind-ai,3_24_months,early,seed,2024-09-23,20000,USD,,https://www.businesswire.com/,company_issued_wire,Business Wire,2024-09-23,high,"Entermind, a Singapore-based Gen AI start-up founded by Aarav Kumar... has managed to secure $20,000 in seed funding commitment for their start-up Entermind.ai.",research_confirmed_pending_human_validation
transition_b41fedf62ade6e68447c5c6ac9dd99b8,The Protein Brewery,theproteinbrewery.com,theproteinbrewery.com,https://www.linkedin.com/company/the-protein-brewery,8_30_days,series_b,series_b,2026-06-29,18000000,EUR,70000000,https://www.bom.nl,investor_announcement,Brabant Development Agency (BOM),2026-06-29,high,"The Protein Brewery, an innovator in biomass fermentation of mycelium, announces an extension of its Series B by €18 million... The investment brings total funding raised to date to more than €70 million.",research_confirmed_pending_human_validation
transition_b4bc06aaec219f663adb1a8364a5e4b4,8alpha.ai,8alpha.ai,8alpha.ai,https://www.linkedin.com/company/8alpha-ai,31_90_days,early,seed,2026-05-29,,,,https://www.sec.gov/edgar/search/#/q=%25228ALPHA%2520AI%2522,regulatory_filing,SEC EDGAR,2026-05-29,medium,"May 29, 2026 03:10PM Form D 8ALPHA AI, LLC.",research_confirmed_pending_human_validation
transition_b62ffa4f0f4f271a7fee5ea3b3f878b1,Frontier Health,frontierhealth.ai,frontierhealth.ai,https://www.linkedin.com/company/frontierhealth-ai,8_30_days,early,seed,2026-06-18,16000000,USD,,https://atomico.com/insights,investor_announcement,Atomico,2026-06-25,high,"Atomico is leading Frontier Health's $16m seed round alongside firstminute capital, MMC Ventures, XYZ Venture Capital, Tenacity Capital, and Avenir.",research_confirmed_pending_human_validation
transition_b8f3c99396f71c0ca6cf9cec4da6a042,TriOrb Inc.,triorb.co.jp,triorb.co.jp,https://www.linkedin.com/company/triorb,31_90_days,series_b,series_b,2026-06-01,2880000000,JPY,4230000000,https://triorb.co.jp,company_newsroom,TriOrb Inc.,2026-06-01,high,"TriOrb Inc. has completed its Series B funding round, raising a total of JPY 2.88 billion through a combination of third-party allotment and debt financing. With this round, cumulative funding reaches JPY 4.23 billion.",research_confirmed_pending_human_validation
transition_b94ae7cf331abcf096d8d08de54493bb,Axil Health,axilhealth.com,axilhealth.com,https://www.linkedin.com/company/axilhealth,3_24_months,early,,2025-10-16,,,,https://tweenertimes.com,investor_announcement,Tweener Times / Triangle Tweener Fund,2025-10-16,medium,"Also, Tweener Fund made additional investments in 3 portfolio companies: MuukTest, Trio Labs and Axil Health.",research_confirmed_pending_human_validation
transition_b9efb83cb1d2489db632f35ecf6774a6,Sensei,sensei.tech,sensei.tech,https://www.linkedin.com/company/sensei-tech,3_24_months,series_a,Series A,2024-10-23,15000000,EUR,,https://sensei.tech,company_newsroom,Sensei,2024-10-23,high,"Sensei, a Lisbon-based leader in autonomous retail technology, has successfully closed a €15 million Series A funding round.",research_confirmed_pending_human_validation
transition_bbf6780087e4bc37fb9b7700d41a7a01,Reffie,reffie.me,reffie.me,https://www.linkedin.com/company/joinreffie,3_24_months,early,seed,2025-11-06,3133999,USD,,https://www.sec.gov/edgar/browse/?CIK=0002095238,regulatory_filing,U.S. Securities and Exchange Commission,2025-11-06,high,"FORM D Notice of Exempt Offering of Securities. Name of Issuer: Reffie, Inc. CIK: 0002095238. Filed November 6, 2025, confirming an equity raise of $3,133,999.",research_confirmed_pending_human_validation
transition_bc957e649500fbd466a940d0a9fa4d02,江苏联博精密科技有限公司,js-lianbo.com,js-lianbo.com,https://www.linkedin.com/company/江苏联博精密科技有限公司,3_24_months,later_stage,series_c,2025-12-23,152809962,CNY,,http://www.sse.com.cn,regulatory_filing,Shanghai Stock Exchange,2025-12-23,high,"江苏联博...近日与4家机构签署增资协议...融资总额人民币15,280.9962万元...本基金作为C轮投资方，以人民币4,700万元认购",research_confirmed_pending_human_validation
transition_bddd946d63ce634a0dd6f1b70aff472a,Noble,noble.xyz,noble.xyz,https://www.linkedin.com/company/noblexyz,3_24_months,series_a,Series A,2024-11-19,15000000,USD,18300000,https://www.noble.xyz/blog/accelerating-stablecoin-adoption,company_newsroom,Noble,2024-11-19,high,We're thrilled to announce our $15 million Series A... Our $15 million funding round is led by Paradigm... This brings our total funding to $18.3 million,research_confirmed_pending_human_validation
transition_becfdda3d10ab8a6e40fe0bde8dcc7df,kyron.bio,kyron.bio,kyron.bio,https://www.linkedin.com/company/kyron-bio,3_24_months,early,seed,2025-05-28,5500000,EUR,,https://www.globenewswire.com/,company_issued_wire,GlobeNewswire,2025-05-28,high,"Biotechnology company kyron.bio today announced a €5.5 million funding round... The seed funding round was led by HCVC, with the participation of Verve Ventures, Entrepreneurs First...",research_confirmed_pending_human_validation
transition_bfc545cde4c2d1ec0be9781406709ddf,케어링,caring.co.kr,caring.co.kr,https://www.linkedin.com/company/caringinc,31_90_days,later_stage,series_c,2026-05-08,40000000000,KRW,,https://caring.co.kr,company_newsroom,Caring (케어링),2026-05-08,high,"[2026-05-08]. '최대 실적' 케어링, 400억 규모 시리즈C 투자 유치 성공. 보도자료",research_confirmed_pending_human_validation
transition_c1f394288e3fe9bb164f15c0021f4185,トグルホールディングス,toggle.co.jp,toggle.co.jp,https://www.linkedin.com/company/トグルホールディングス,31_90_days,later_stage,Series C,2026-04-30,3340000000,JPY,,https://toggle.co.jp/news/item/uf8JZqOX,company_newsroom,Toggle Holdings,2026-04-30,medium,グローバル機関投資家を引受先とするC種優先株式の第三者割当増資および金融機関からの借入により、約33.4億円を調達しました。,research_confirmed_pending_human_validation
transition_c30ccf263159a8d813b0f3b8d62b2cc6,RoboScience,en.roboscience.co,en.roboscience.co,https://www.linkedin.com/company/roboscience,31_90_days,series_a,series_a,,1000000000,CNY,,https://roboscience.co/,company_newsroom,RoboScience,,high,The company's 'About Us' timeline explicitly states: '完成10亿元A轮融资. 2026.06.' (Completed 1 billion yuan Series A financing in 2026.06).,research_confirmed_pending_human_validation
transition_c93c80d43181ab6ec92e251c7f49699c,Isometric,isometric.com,isometric.com,https://www.linkedin.com/company/isometric-hq,8_30_days,series_a,Series A,2026-06-22,40000000,USD,,https://isometric.com,company_newsroom,Isometric,2026-06-22,high,"Today we're announcing $40 million in Series A financing to expand Isometric's agentic certification across the industrial economy. Led by AVP, with global insurer AXA as the anchor investor...",research_confirmed_pending_human_validation
transition_c94998628b46fc20912b3ae1c257ac7b,Banco Plata,bancoplata.mx,bancoplata.mx,https://www.linkedin.com/company/bancoplatamx,31_90_days,later_stage,series_c,2026-04-16,405000000,USD,,https://www.prnewswire.com/news-releases/plata-reaches-5-billion-valuation-with-405-million-series-c-fundraise,company_issued_wire,PR Newswire,2026-04-16,high,"Plata, a leading digital bank with operations in Latin America, announced the closing of its $405 million Series C at a $5.0 billion valuation.",research_confirmed_pending_human_validation
transition_c9627472c3f52d0334eb2c2151bd1d89,北京泽石科技有限公司,zettastone.com,zettastone.com,https://www.linkedin.com/company/北京泽石科技有限公司,31_90_days,later_stage,Pre-IPO,2026-05-29,,,,https://zettastone.com,company_newsroom,北京泽石科技有限公司,2026-06-02,high,泽石科技继...5月中交割圆满收官后，于近日顺利完成pre-IPO轮首批交割，由嘉兴稼沃荣华股权投资合伙企业...和上海复星创富...等四家机构及个人共同投资。,research_confirmed_pending_human_validation
transition_c9c2e21c449c4359477e40b6e6bbaef5,Garner Health,getgarner.com,garnerhealth.com,https://www.linkedin.com/company/getgarner,31_90_days,later_stage,Series E,2026-05-28,100000000,USD,,https://www.prnewswire.com/,company_issued_wire,PR Newswire,2026-05-28,high,"Garner Health... has closed a $100 million Series E round, led by Index Ventures with participation from existing investors including Kleiner Perkins, Redpoint, Thrive, Sequoia, Founders Fund, and Kaiser Permanente Ventures.",research_confirmed_pending_human_validation
transition_ca02ad7eb9e6191c48f0568f389fd737,"Liminal Experiences, Inc",liminal.gg,liminal.gg,https://www.linkedin.com/company/liminalgg,3_24_months,early,seed,2025-03-11,5800000,USD,5800000,,company_issued_wire,Business Wire,2025-03-11,high,"Liminal Experiences, Inc, a new UGC gaming startup dedicated to harnessing artificial intelligence to empower human-centered creativity, has emerged from stealth with $5.8 million raised to date in seed funding.",research_confirmed_pending_human_validation
transition_ca0aa0c39c60c240a38456a53094758b,Axiym,axiym.io,axiym.io,https://www.linkedin.com/company/axiym,3_24_months,equity_other,Strategic Investment,2026-03-05,,,,https://tether.io/news/tether-invests-in-axiym-to-advance-digital-asset-use-cases-across-global-payment-ecosystems/,investor_announcement,Tether,2026-03-05,high,"Tether, the largest company in the digital asset industry, today announced a strategic investment in Axiym, a fintech innovator with a globally distributed treasury and settlement infrastructure.",research_confirmed_pending_human_validation
transition_ca237c916d25624cf695b01540c571f4,Storio Energy,storioenergy.com,storioenergy.com,https://www.linkedin.com/company/storioenergy,3_24_months,early,seed,2024-10-16,5000000,EUR,,https://www.bpifrance.fr,investor_announcement,Bpifrance,2024-10-16,high,"Storio Energy, pionnier du stockage d'énergie en BtoB, annonce un 1er tour de table de 5M€ avec le fonds star américain des greentech, Lowercarbon Capital, en lead, le fonds Digital Venture de Bpifrance...",research_confirmed_pending_human_validation
transition_ce1eb3129adad92d9d1a44a147363b32,KERNEL,kernel.sh,kernel.sh,https://www.linkedin.com/company/trykernel,3_24_months,series_a,series_a,2025-10-09,22000000,USD,,https://www.kernel.sh/blog/series-a,company_newsroom,Kernel,2025-10-09,high,"I'm excited to share that Kernel has raised $22 million in Seed and Series A funding led by Accel, with participation from Y Combinator, Cintrifuse Capital, Vercel Ventures, Refinery Ventures, and SV Angel.",research_confirmed_pending_human_validation
transition_ce585cdf9eb6f990d9cea9abef0f1236,Ernesta Inc.,ernestarugs.com,ernestarugs.com,https://www.linkedin.com/company/ernesta-inc,3_24_months,series_b,series_b,2026-03-11,20000000,USD,,,company_issued_wire,PR Newswire,2026-03-11,high,"Ernesta, which has quickly emerged as the largest custom-sized rug retailer in the United States, today announced it has raised $20 million in Series B financing led by Addition...",research_confirmed_pending_human_validation
transition_ce5d94776d26f62b5cf6db61e71eeaee,Orebella,orebella.com,orebella.com,https://www.linkedin.com/company/orebella,31_90_days,series_a,series_a,2026-05-28,,,,https://www.prnewswire.com/news-releases/bella-hadids-orebella-closes-growth-equity-investment-led-by-silas-capital,company_issued_wire,PR Newswire,2026-05-28,high,"'Ôrəbella, the founder-led fragrance brand founded by Bella Hadid, today announces the closing of its Series A financing led by Silas Capital, with participation from existing investor Celebrands",research_confirmed_pending_human_validation
transition_d04b87eb3344be304d8736b213085881,Evommune,evommune.com,evommune.com,https://www.linkedin.com/company/evommune,3_24_months,later_stage,series_c,2024-10-31,115000000,USD,,https://evommune.com,company_newsroom,Evommune,2024-10-31,high,"Evommune, Inc., a clinical-stage biotechnology company discovering and developing new ways to treat immune-mediated inflammatory diseases, today announced the completion of a $115 million Series C financing.",research_confirmed_pending_human_validation
transition_d27f771b84ef046c24520300c1e59fa3,Treeline,treeline.ai,treeline.ai,https://www.linkedin.com/company/treelineai,3_24_months,series_a,Series A,2026-03-31,25000000,USD,,https://www.prnewswire.com/news-releases/treeline-raises-25-million-to-reinvent-it-services-302729004.html,company_issued_wire,PR Newswire,2026-03-31,high,"Treeline, the modern IT operating system, today announced a $25 million Series A funding round led by Andreessen Horowitz (a16z).",research_confirmed_pending_human_validation
transition_d3ab9b41f98222ad7b5ff8a822172796,RMSI,rmsi.com,rmsi.com,https://www.linkedin.com/company/rmsi,3_24_months,later_stage,private_equity,2025-10-26,56000000,USD,,https://affirmacapital.com/news/,investor_announcement,Affirma Capital,2025-10-26,high,"Oct 26, 2025. Affirma Capital Leads USD 56 Million Investment in RMSI Private Limited from its India-Focused Fund, in Partnership with 360 ONE Asset.",research_confirmed_pending_human_validation
transition_d3fad599203ffa688a6e0c69ef3b30b2,Rainbow Crops,rainbowcrops.com,rainbowcrops.com,https://www.linkedin.com/company/rainbow-crops,8_30_days,early,seed,2026-06-16,9700000,EUR,,https://rainbowcrops.com,company_newsroom,Rainbow Crops,2026-06-16,high,"Rainbow Crops, a next-generation agtech company... today announced it has raised €9.7 million to further advance its technology platform, expand its application across multiple crops, and scale the team.",research_confirmed_pending_human_validation
transition_d4b4ca645d77ec194be2d1200f39cffc,Reflexivity,reflexivity.com,reflexivity.com,https://www.linkedin.com/company/reflexivityai,3_24_months,series_b,series_b,2024-10-28,30000000,USD,,https://www.globenewswire.com/news-release/2024/10/28/2969986/0/en/Reflexivity-Raises-30-Million-in-Series-B-Funding.html,company_issued_wire,GlobeNewswire,2024-10-28,high,"Reflexivity (formerly Toggle AI), a leading provider of innovative artificial intelligence solutions for the investment industry, has announced a $30M Series B fundraising round led by Greycroft and Interactive Brokers.",research_confirmed_pending_human_validation
transition_d66987f1002c904acbf08dc1a0629eb8,Impactpool,impactpool.org,impactpool.org,https://www.linkedin.com/company/impactpool,3_24_months,series_a,Series A,2024-08-06,4000000,USD,,https://www.impactpool.org,company_newsroom,Impactpool,2024-08-06,high,"Stockholm, 6 August 2024: Impactpool, a global leading AI-enabled career platform, announces it has raised $4 million in Series A funding, led by Mediahuis and Fort Knox.",research_confirmed_pending_human_validation
transition_d6a323c64438f5de81e7a45e095cf387,Evom AI,evom.ai,evom.ai,https://www.linkedin.com/company/evom-ai,31_90_days,early,Seed,2026-06-12,,,,https://evom.ai/,company_newsroom,Evom AI,2026-06-12,high,"Medical AI startup Evom AI announced on the 12th that it has secured seed bridge investment from existing investors, including Kkeullim Ventures.",research_confirmed_pending_human_validation
transition_d7be3a017f8bda3309a89c250a129d87,Prosper AI,getprosper.ai,getprosper.ai,https://www.linkedin.com/company/prospertechnologies,8_30_days,series_a,series_a,2026-06-22,30000000,USD,,https://www.globenewswire.com,company_issued_wire,GlobeNewswire,2026-06-22,high,"Prosper AI... today announced a $30 million Series A financing led by Andreessen Horowitz (“a16z”), with participation from Base10 and continued support from Emergence Capital, Y Combinator, and Company Ventures.",research_confirmed_pending_human_validation
transition_d9c2b231e2a3b353c5c70b5df98b22f1,Comand AI,comand.ai,comand.ai,https://www.linkedin.com/company/comand-ai,8_30_days,series_a,Series A,2026-06-17,32000000,EUR,,https://comand.ai/newsroom,company_newsroom,Comand AI,2026-06-17,high,"Comand AI today announced a €32 million Series A funding round at Eurosatory, led by Blossom Capital, with strategic investment from Saab...",research_confirmed_pending_human_validation
transition_d9dfc0307c9720419c3a39b49b70c7e2,Kora,korapower.com,korapower.com,https://www.linkedin.com/company/korapower,3_24_months,early,seed,2025-09-08,2600000,USD,,https://korapower.com,company_newsroom,Kora,2026-06-30,high,"The company also announced $2.60 million in launch funding from Moneta Ventures, and Growth Factory Ventures to accelerate manufacturing and software development",research_confirmed_pending_human_validation
transition_db1094af0ebb9071cd303c82bba4730f,Polysense,polysense.ai,polysense.ai,https://www.linkedin.com/company/polysenseai,3_24_months,early,seed,2026-07-08,10700000,USD,,https://polysense.ai,company_newsroom,Polysense,2026-07-08,high,Polysense closes a $10.7M seed round to scale its AI-native inspection and process control systems for food manufacturers globally.,research_confirmed_pending_human_validation
transition_dbcdb4e7851b9228bafed70570b9801c,J-Elephant,jelep.com,jelep.com,https://www.linkedin.com/company/jelep,8_30_days,series_a,strategic_investment,2026-06-22,,,,https://www.prnewswire.com/news-releases/j-elephant-received-strategic-investment-from-geek-expanding-partnership-in-pallet-warehouse-automation,company_issued_wire,PR Newswire,2026-06-22,medium,"J-Elephant, a pioneer in vertical pallet robot (VPR) technology, announced that it has received a strategic investment from Geek+, a global leader in warehouse robotics",research_confirmed_pending_human_validation
transition_dbd8d7036097cd4e8edbdb4e8bc35db0,toern,url.retoern.com,re-toern.de,https://www.linkedin.com/company/toern,8_30_days,early,,,,,,https://venture-league.com,investor_announcement,Venture League,,medium,"Wir engagieren uns seit Mai 2026 bei toern, mit Manuel Brunckhorst als Lead-Investor eines Pools aus Mitgliedern der Venture League.",research_confirmed_pending_human_validation
transition_dcdfc4b9b53e094e922123326cb5a27b,PatenSee,patensee.com,patensee.com,https://www.linkedin.com/company/patensee,3_24_months,early,seed,2025-02-20,2000000,USD,,https://patensee.com/news/,company_newsroom,PatenSee,2025-02-20,high,"Detroit, Michigan, February 20th, 2025 — PatenSee... has secured a $2M first close of a seed round to advance clinical activities toward FDA approval.",research_confirmed_pending_human_validation
transition_ded9466eb38396eb3f6d68ec79a0163a,NotFossil,notfossil.co,notfossil.co,https://www.linkedin.com/company/notfossil,3_24_months,early,pre_seed,2024-07-31,250000,USD,,https://www.santafe.gob.ar/boletinoficial/,regulatory_filing,Boletín Oficial de la Provincia de Santa Fe,2024-10-21,high,Por Acta de Reunión de Socios N°1 de fecha 31 de julio de 2024 se ha resuelto aumentar el capital social... que suscribe el Fideicomiso Financiero SF 500.,research_confirmed_pending_human_validation
transition_dfbc12e4632704eb784bd096f9ad0af9,Accipiter Biosciences,accipiterbio.com,accipiterbio.com,https://www.linkedin.com/company/accipiter-biosciences,3_24_months,early,seed,2025-11-06,12700000,USD,,https://accipiterbio.com/,company_newsroom,Accipiter Biosciences,2025-11-06,high,Accipiter Biosciences Emerges from Stealth with $12.7 Million in Seed Financing to Deliver de novo Protein Therapies for Complex Diseases.,research_confirmed_pending_human_validation
transition_e004b3cc0bcb0e18a2973a84065f365e,A&K Robotics,aandkrobotics.com,aandkrobotics.com,https://www.linkedin.com/company/a&k-robotics,31_90_days,series_a,Series A,2026-04-21,8000000,CAD,,https://www.businesswire.com/news/home/20260421367847/en/,company_issued_wire,Business Wire,2026-04-21,high,A&K Robotics today announced the closing of an $8 million CAD Series A investment. The round was led by BDC’s Industrial Innovation Venture Fund... and Vantage Futures.,research_confirmed_pending_human_validation
transition_e03d28a8f6acf2659822448c310b091d,Gnosis Freight,gnosisfreight.com,gnosisfreight.com,https://www.linkedin.com/company/gnosis-freight,3_24_months,later_stage,private_equity,2024-09-23,,,,https://gnosisfreight.com/,company_newsroom,Gnosis Freight,2024-09-23,high,"Gnosis Freight... today announced a strategic growth investment from Vista Equity Partners, a global investment firm.",research_confirmed_pending_human_validation
transition_e07e4bcad4a9522dfc929963d147c02d,NEWRATEK Inc,newratek.com,newratek.com,https://www.linkedin.com/company/newratek-inc,3_24_months,series_b,Pre-IPO,2026-05-25,21800000000,KRW,,https://newsonwire.co.kr/,company_issued_wire,Widwin Investment,2026-06-30,high,"위드윈인베스트먼트...는 KB증권, LB프라이빗에쿼티... 등 주요 기관투자자들이 참여한 총 218억 원 규모의 뉴라텍 Pre-IPO 투자 라운드에서 18억 원 규모의 투자를 완료했다고 밝혔다.",research_confirmed_pending_human_validation
transition_e27dbfb41acfb853e120e2d92c81ad4c,Twolabs (YC P26),twolabs.ai,twolabs.ai,https://www.linkedin.com/company/twolabsai,8_30_days,early,pre_seed,,,,,https://www.ycombinator.com/companies/twolabs,investor_announcement,Y Combinator,,medium,Twolabs builds humanoid robots for caregiving. Our robots will assist at nursing homes and senior living centers... Twolabs. P2026. Active.,research_confirmed_pending_human_validation
transition_e2dbaf0289f8c36dfb49926ebb4d375e,Valtrion,valtrion.com,valtrion.com,https://www.linkedin.com/company/valtrion-llc,31_90_days,early,,2026-05-13,,,,https://www.prnewswire.com/news-releases/valtrion-welcomes-shawn-ryan-and-jay-yu-as-strategic-shareholders-302771113.html,company_issued_wire,PR Newswire,2026-05-13,medium,Valtrion today announced that Shawn Ryan and Jay Yu have joined the firm as strategic shareholders. We are honored to have Shawn and Jay investing their capital and time into our vision.,research_confirmed_pending_human_validation
transition_e3d8bf95d971f7a441af6f6bf7fbb336,Aquapulse,aquapulse.co.in,aquapulse.co.in,https://www.linkedin.com/company/aquapulse-asia,31_90_days,series_a,series_a,2026-06-02,450000000,INR,,https://iangroup.vc/,investor_announcement,IAN Group,2026-06-02,high,"IAN Group... through IAN Alpha Fund, has participated in the successful closure of Aquapulse's ₹45 crore funding round, led by NABVENTURES through its AgriSURE Fund.",research_confirmed_pending_human_validation
transition_e49c371822860388d430292c254fbfc4,Mindsmith,mindsmith.ai,mindsmith.ai,https://www.linkedin.com/company/mindsmith1,3_24_months,early,seed,2025-11-05,4100000,USD,,https://www.mindsmith.ai/blog,company_newsroom,Mindsmith,2025-11-05,high,"Today, we're excited to share that we've raised a $4.1 million Seed round led by Next Frontier Capital, with participation from WndrCo, Grix, and others.",research_confirmed_pending_human_validation
transition_e5c91705047d3021125eb3a5469a9d2d,definity,definity.ai,definity.ai,https://www.linkedin.com/company/definity-ai,31_90_days,series_a,Series A,2026-04-29,12000000,USD,16500000,https://www.prnewswire.com/news-releases/definity-unveils-agentic-data-engineering-platform-with-12m-series-a-302757245.html,company_issued_wire,PR Newswire,2026-04-29T00:00:00Z,high,definity today unveiled its agentic data engineering platform... The company also announced an oversubscribed $12 million Series A financing led by GreatPoint Ventures... The round brings definity's total funding to $16.5 million.,research_confirmed_pending_human_validation
transition_e5e84ace540bbb72e004d0fb3ea74d00,Primogene GmbH,primogene.bio,primogene.bio,https://www.linkedin.com/company/primogene,31_90_days,early,seed,2026-04-29,4100000,EUR,,https://www.htgf.de,investor_announcement,High-Tech Gründerfonds (HTGF),2026-04-29,high,Leipzig-based biotech start-up Primogene GmbH has secured €4.1 million in funding... The seed round is led by High-Tech Gründerfonds (HTGF) with additional investors.,research_confirmed_pending_human_validation
transition_e60cd3b8d5be484f57e3afc02a9b7607,Kabloie,kabloie.com,kabloie.com,https://www.linkedin.com/company/kabloie,31_90_days,early,,,,,,https://kabloie.com/,company_newsroom,Kabloie,,medium,News: Kabloie just raised its first round from Antler.,research_confirmed_pending_human_validation
transition_e61a26e3c6ca246550edf693145e41da,Cosm,cosm.com,cosm.com,https://www.linkedin.com/company/experiencecosm,8_30_days,later_stage,Series C,2026-06-24,100000000,USD,,https://www.cosm.com/news/sony-pictures-entertainment-announces-100m-strategic-investment-in-cosm-to-accelerate-the-next-era-of-immersive-entertainment,company_newsroom,Cosm,2026-06-24,high,"Sony Pictures Entertainment (SPE) today announced its $100 million strategic investment in Cosm... As the lead investor in Cosm's Series C financing round, SPE will acquire a minority ownership stake.",research_confirmed_pending_human_validation
transition_e7a29a17f7144e9bf52932fc7c6f9f92,Wipfli,wipfli.com,wipfli.com,https://www.linkedin.com/company/wipfli,3_24_months,later_stage,private_equity,2025-08-01,,,,https://www.wipfli.com/news/2025/wipfli-secures-strategic-investment-from-new-mountain-capital,company_newsroom,Wipfli,2025-08-01,high,"Wipfli LLP today announced entry into a definitive agreement for a significant minority investment from New Mountain Capital, a leading growth-oriented investment firm.",research_confirmed_pending_human_validation
transition_e990434cb88dcfc4be254afd1d0e1dac,Helios,heliosintel.ai,heliosintel.ai,https://www.linkedin.com/company/heliosintel,3_24_months,early,seed,2025-07-11,4000000,USD,,https://www.unusual.vc/,investor_announcement,Unusual Ventures,2025-07-11,medium,"We are excited to announce that we are leading the $4m seed financing in Helios... Helios is led by Joe Scheidler, Brandon Smith, and Joseph Farsakh...",research_confirmed_pending_human_validation
transition_e9dae5df3131c3f82fafb0231cc274b7,Telgea,telgea.com,telgea.com,https://www.linkedin.com/company/telgea,8_30_days,series_a,,2026-07-01,,USD,5200000,https://www.prweb.com/releases/telgea-partners-with-fastweb--vodafone-to-transform-global-enterprise-telecom-302186716.html,company_issued_wire,PRWeb,2026-07-01,high,"Telgea, the unified global telecom operator, today announced a collaboration and investment from Swisscom-owned Fastweb + Vodafone... Supported by a total of $5.2M in funding.",research_confirmed_pending_human_validation
transition_e9de48ef112494a13dad3e528f157366,Podium Automation,podiumautomation.com,podiumautomation.com,https://www.linkedin.com/company/podium-automation,8_30_days,series_a,Series A,2026-06-15,18000000,USD,23000000,https://www.prnewswire.com/news-releases/podium-automation-raises-18m-series-a-to-modernize-the-backbone-of-industrial-automation.html,company_issued_wire,PR Newswire,2026-06-15,high,Podium Automation... today announced it has raised $18 million in Series A funding led by Construct Capital... The round brings Podium's total funding to more than $23 million,research_confirmed_pending_human_validation
transition_eabfd818ff0b6ed086c772b802a701e1,Elemental Machines,elementalmachines.com,elementalmachines.com,https://www.linkedin.com/company/elemental-machines,31_90_days,series_b,Series B-3,2026-05-27,5702935,USD,,https://www.sec.gov/cgi-bin/browse-edgar?company=Elemental+Machines,regulatory_filing,U.S. Securities and Exchange Commission,2026-05-27,high,"Total Amount Sold $5,702,935 USD. Clarification of Response: Offer and sale of Series B-3 Preferred Stock of the Issuer.",research_confirmed_pending_human_validation
transition_ed32309ae8cdcc4dc3d8be571f123700,Cagliari Calcio,cagliaricalcio.com,cagliaricalcio.com,https://www.linkedin.com/company/cagliari-calcio,3_24_months,later_stage,,2025-12-10,,,,https://cagliaricalcio.com,company_newsroom,Cagliari Calcio,2025-12-10,high,"Cagliari Calcio today announced that Maurizio Fiori, a native Sardinian, and Prashant Gupta... have, along with their investor group, completed the acquisition of a minority stake in the club.",research_confirmed_pending_human_validation
transition_ed6e65f1c8af187ffd0960a6a3456a6d,"Therini Bio, Inc.",therinibio.com,therinibio.com,https://www.linkedin.com/company/therinibio,3_24_months,series_a,Series A,2025-05-14,39000000,USD,,https://www.therinibio.com/therini-bio-raises-additional-39m-series-a-financing-to-advance-clinical-development-of-neurodegenerative-disease-pipeline/,company_newsroom,Therini Bio,2025-05-14,high,"Therini Bio, Inc. ... today announced that it raised $39 million in a Series A extension financing. This financing increased Therini Bio's Series A total to $75M.",research_confirmed_pending_human_validation
transition_ed92f798d4e11a001ee9a02025aa9bc9,Sparta,spartacommodities.com,spartacommodities.com,https://www.linkedin.com/company/sparta-commodities,3_24_months,series_b,series_b,2025-02-24,42000000,USD,,https://firstmark.com/news/sparta-raises-42m-series-b-to-transform-commodity-trading/,investor_announcement,FirstMark,2025-02-24,high,"We at FirstMark are proud to continue our partnership with Sparta... as they secure a $42M Series B... The round was led by One Peak, with continued support from FirstMark",research_confirmed_pending_human_validation
transition_ee895ed0bbc1fa8fbe499c94373694e0,Solo,solosuit.com,solosuit.com,https://www.linkedin.com/company/solosuit,31_90_days,series_a,Seed Plus,2024-08-28,2000000,USD,,https://www.utahbusiness.com/solosuit-secures-2-million-to-propel-towards-series-a/,company_issued_wire,Utah Business,2024-08-28,medium,"Provo, UT — SoloSuit, a legal tech startup that streamlines the debt resolution process for consumers, has successfully raised $2 million in a Seed Plus funding round.",research_confirmed_pending_human_validation
transition_efa6e6be96579b586a3a6023af6bda71,The Pave,thepave.co,thepave.co,https://www.linkedin.com/company/the-pave,3_24_months,early,,2026-02-23,11624525,USD,,https://www.sec.gov/edgar/browse/?CIK=0002030993,regulatory_filing,SEC,2026-02-23,high,"Pave LLC ... FORM D Notice of Exempt Offering of Securities ... Total Offering Amount: $15,000,000 USD. Total Amount Sold: $11,624,525 USD.",research_confirmed_pending_human_validation
transition_f137c56699462c94a1a3a2a77d6c0a15,AlpalifeBio,alpalifebio.com,alpalifebio.com,https://www.linkedin.com/company/alpalife,3_24_months,series_a,Series A+,2025-09-09,,CNY,70000000,https://www.ktsm-life.com/,company_newsroom,AlpalifeBio (KTSM Life),2025-09-09,high,深圳康体生物医药科技有限公司（以下简称“康体生命”）今日宣布完成A+轮融资。截至目前融资总额达7000万元人民币，由金雨茂物、丽珠医药、星河资本及南岭基金共同投资,research_confirmed_pending_human_validation
transition_f1b797066dcdfdb0e82e63b2d2b09922,farmdrive,farmdrive.io,farmdrive.io,https://www.linkedin.com/company/farmdrive-io,3_24_months,early,pre_seed,2025-11-13,1000000,GBP,,https://farmdrive.io/news/farmdrive-secures-1m-pre-seed-investment,company_newsroom,farmdrive,2025-11-13,high,This £1m investment lets us take our practical vision worldwide... giving meat processors and retailers the transparency they need. The funding round was led by TechStart Ventures and Ascension Ventures.,research_confirmed_pending_human_validation
transition_f2a7f3b5c73d5c941af54ebfb4c64421,TEKATRON,tekatron.com.tr,tekatron.com.tr,https://www.linkedin.com/company/tekatron,31_90_days,equity_other,corporate equity,2026-05-07,15000000,EUR,,https://www.oyak.com.tr/,investor_announcement,OYAK,2026-05-07,medium,TOI signed a non-binding memorandum of understanding with Tekatron for the purpose of acquiring shares. The agreement secured €15 million in foreign capital for Tekatron.,research_confirmed_pending_human_validation
transition_f46ecf72f649f7d534e26ff4153cf38f,MX3D,mx3d.com,mx3d.com,https://www.linkedin.com/company/mx3d,3_24_months,series_a,Series A,2025-05-13,7000000,EUR,,https://mx3d.com,company_newsroom,MX3D,2025-05-13,high,"MX3D, a pioneer in robotic metal 3D printing technology, has raised €7 million in a Series A funding round to accelerate its international growth.",research_confirmed_pending_human_validation
transition_f4976369f7f29db2f929f0ba1d713dc9,Monaco,monaco.com,monaco.com,https://www.linkedin.com/company/monaco-gtm,31_90_days,series_b,series_b,2026-05-12,50000000,USD,,https://www.globenewswire.com/news-release/2026/05/12/3293132/0/en/monaco-secures-50-million-in-series-b-funding-to-grow-ai-powered-sales-platform-amid-strong-customer-demand.html,company_issued_wire,GlobeNewswire,2026-05-12,high,"Monaco, the AI-native sales platform, today announced a $50 million Series B funding round led by Benchmark. The company will use the funding to continue scaling its platform...",research_confirmed_pending_human_validation
transition_f4b2a52bccfff8f754a894f04b2f4d20,Maia,usemaia.com,usemaia.com,https://www.linkedin.com/company/usemaia,8_30_days,early,seed,2026-06-16,1200000,USD,,https://www.prnewswire.com/news-releases/maia-closes-seed-round-to-accelerate-ai-powered-medical-coding-and-revenue-cycle-management-for-orthopaedic-practices-302802322.html,company_issued_wire,PR Newswire,2026-06-16,high,"Maia, the AI-powered medical coding and revenue cycle management (RCM) platform... today announced the close of its seed financing round of $1.2 million.",research_confirmed_pending_human_validation
transition_f4cf6a6d4c99edfad35c7884d1029c5f,Airwallex-l,airwallex.com,airwallex.com,https://www.linkedin.com/company/airwallex-l,8_30_days,later_stage,Series H,2026-06-25,320000000,USD,,https://www.businesswire.com,company_issued_wire,Business Wire,2026-06-25,high,"Airwallex, a leading global payments and financial platform for modern businesses, today announced it has raised $320 million in Series H funding, bringing the company's valuation to $11 billion.",research_confirmed_pending_human_validation
transition_f607a5fb32199e7c5da4e6cf3b36a793,Tencarva Machinery Company,tencarva.com,tencarva.com,https://www.linkedin.com/company/tencarva-machinery,31_90_days,equity_other,,2026-05-18,971344,USD,,https://www.sec.gov/Archives/edgar/data/2067257/000206725726000001/0002067257-26-000001-index.htm,regulatory_filing,SEC,2026-05-18,high,"Tencarva Coinvest, LLC ... 1115 PLEASANT RIDGE ROAD ... Total Amount Sold $971,344 USD. Total Remaining to be Sold $0 USD.",research_confirmed_pending_human_validation
transition_f8466a340841b566efd01693656edb99,"Patron Points, Inc",patronpoints.com,patronpoints.com,https://www.linkedin.com/company/patronpoints,31_90_days,later_stage,private_equity,2026-05-27,,,,https://www.businesswire.com,company_issued_wire,Business Wire,2026-05-27,high,"Patron Points, a leader in loyalty and customer engagement technology for convenience stores, is pleased to announce it has secured a strategic growth investment led by Straylight Capital.",research_confirmed_pending_human_validation
transition_f8c3791d0ba2ad9a351a54899cdc8f93,Tycho.AI,tycho.ai,tycho.ai,https://www.linkedin.com/company/tycho-ai,3_24_months,series_a,Series A,2025-10-07,10000000,USD,,https://www.tycho.ai,company_newsroom,Tycho.AI,2025-10-07,high,"Tycho.AI... announced today it raised $10 million in Series A funding to accelerate product development and scale government deployments. FirstMark led the Series A, with additional investment from seed round investor Pillar VC.",research_confirmed_pending_human_validation
transition_f9d276c0dc924a9d6238bc0ef43d352e,Tok-Edge,tok-edge.com,tok-edge.com,https://www.linkedin.com/company/tok-edge,3_24_months,early,,2026-04-13,1500000,USD,,https://www.prnewswire.com/news-releases/tradfi-veterans-launch-tok-edge-with-15m-valuation-targets-100m-crypto-fund,company_issued_wire,PR Newswire,2026-04-13,high,"During its stealth phase, Tok-Edge raised ~$1.5 million at a $15 million valuation from Marcus Meijer, an experienced TradFi GP investor and founder of a $10 billion AUM fund.",research_confirmed_pending_human_validation
transition_f9e3fb606b9636e29d67b823b8cfdf9e,Merit Restorations,meritrestorations.com,meritrestorations.com,https://www.linkedin.com/company/merit-restorations,8_30_days,later_stage,private_equity,2026-06-17,,,,https://www.einpresswire.com,company_issued_wire,EIN Presswire,2026-06-17,high,"Brenton Point Capital Partners, a private equity firm focused on partnering with lower-middle-market businesses, today announced a significant growth investment in Merit Restorations",research_confirmed_pending_human_validation
transition_faafbd58744e601ba11c222b94e4fd46,カーボンリンク株式会社,styleai.co.jp,carbonlink.co.jp,https://www.linkedin.com/company/carbonlinkinc,8_30_days,series_a,series_a,2026-06-26,,,,https://carbonlink.co.jp/,company_newsroom,Carbonlink Inc.,2026-06-26,high,2026年6月26日: 資金調達(3回目)と社名変更のお知らせ (Company-issued PR Times release confirms this was a Series A first close led by DRG Fund).,research_confirmed_pending_human_validation
transition_fc07bc0bfc29c85a3cab832f55fa1822,respond.io,rspd.link,respond.io,https://www.linkedin.com/company/respondio,8_30_days,series_b,series_b,2026-06-16,62500000,USD,,https://www.businesswire.com,company_issued_wire,Business Wire,2026-06-16,high,"Respond.io, a customer conversation management platform, today announced a $62.5 million Series B round led by Camber Partners, with participation from Endeavor Catalyst and existing investors.",research_confirmed_pending_human_validation
transition_fd54eafd79a71915014a2c3fcbc154fe,Jumbotail,jumbotail.com,jumbotail.com,https://www.linkedin.com/company/jumbotail,3_24_months,later_stage,Series D,2025-06-30,120000000,USD,263000000,https://jumbotail.com/jumbotail-raises-120m-series-d-funding-completes-acquisition-of-solv/,company_newsroom,Jumbotail,2025-06-30,high,"Jumbotail, India's leading B2B marketplace and New Retail platform for food and grocery, has raised $120 million in a funding round led by SC Ventures. This brings Jumbotail's total capital raised to $263 million.",research_confirmed_pending_human_validation
transition_fd58c989fdc9493016c22abad044d54b,Profound,tryprofound.com,tryprofound.com,https://www.linkedin.com/company/tryprofound,3_24_months,later_stage,Series C,2026-02-24,96000000,USD,155000000,https://www.globenewswire.com/news-release/2026/02/24/3243475/0/en/Profound-Raises-Series-C-at-1B-Valuation-to-Lead-a-New-Category-of-Marketing.html,company_issued_wire,GlobeNewswire,2026-02-24,high,Profound today announced it has reached $1 billion in valuation and raised a $96 million Series C led by Lightspeed Venture Partners... bringing the company's total funding to more than $155 million.,research_confirmed_pending_human_validation
transition_ff6bb66eb5c8e7037a8f423b76de5833,Floqer,floqer.com,floqer.com,https://www.linkedin.com/company/floqer,8_30_days,early,pre_seed,2026-06-30,2000000,CAD,,https://www.floqer.com/blog/floqer-raises-2m,company_newsroom,Floqer,2026-06-30,high,Floqer raised a $2M pre-seed round. ... That's why we raised our $2 million CAD pre-seed round.,research_confirmed_pending_human_validation
manual-corgi-series-b1-2026-05-28,Corgi,corgi.com,corgi.insure,https://www.linkedin.com/company/usecorgi,31_90_days,later_stage,series_b,2026-05-28,106000000,USD,,https://www.corgi.insure/press-releases/series-b1,company_newsroom,Corgi,2026-05-28,high,Company press release announces a $106 million Series B1 financing.,research_confirmed_pending_human_validation
manual-parallel-series-b-2026-04-29,Parallel Web Systems,parallel.ai,parallel.ai,https://www.linkedin.com/company/parallel-web,31_90_days,series_b,series_b,2026-04-29,100000000,USD,,https://www.prnewswire.com/news-releases/parallel-raises-at-2-billion-valuation-to-scale-web-infrastructure-for-agents-302756350.html,company_issued_wire,Parallel Web Systems / PR Newswire,2026-04-29,high,Company-issued wire announcement reports a $100 million Series B financing at a $2 billion valuation.,research_confirmed_pending_human_validation
ww_48e7333c82b29607d2c6f40657ccfb93,Alchemab Therapeutics,alchemab.com,alchemab.com,https://www.linkedin.com/company/alchemab-therapeutics-ltd,0_7_days,series_a_b,Series A,2026-07-09,25000000,GBP,,https://alchemab.com/news/alchemab-therapeutics-announce-biggest-ever-life-sciences-investment-from-british-business-bank/,company_newsroom,Alchemab Therapeutics,2026-07-09,high,Clinical-stage biotech Alchemab Therapeutics has extended its series A financing with a £25 million (USD $34m) investment from the British Business Bank.,official_source_confirmed_pending_human_validation
ww_6ea93095a3e2623f1501854982016f80,Alta,altahq.com,altahq.com,https://www.linkedin.com/company/altahqdotcom,0_7_days,series_a_b,Series A,2026-07-08,25000000,USD,,https://www.prnewswire.com/news-releases/alta-raises-25m-to-redefine-the-go-to-market-architecture-for-revenue-teams,company_issued_wire,PR Newswire,2026-07-08,high,"Alta, the AI System of Actions for go-to-market teams, today announced $25 million in Series A funding. The round was led by IN Venture",official_source_confirmed_pending_human_validation
ww_ed211940ace03819fc9d3bf950c0aef6,Cyclops,cyclops.io,cyclops.io,https://www.linkedin.com/company/cyclopsinc,0_7_days,series_a_b,Series A,2026-07-15,20000000,USD,,https://cyclops.io/blog/series-a,company_newsroom,Cyclops,2026-07-15,high,"Today we are announcing a $20M Series A, led by Nava Ventures with participation from Coinbase Ventures, Castle Island Ventures, Circle Ventures",official_source_confirmed_pending_human_validation
ww_d851744f89296ce0104c2a132fc83666,Databento,databento.com,databento.com,https://www.linkedin.com/company/databento,0_7_days,series_a_b,Series B,2026-07-09,97000000,USD,,https://databento.com/blog/series-b,company_newsroom,Databento,2026-07-09,high,We're excited to announce that Databento has raised $97 million in Series B financing led by New Enterprise Associates (NEA),official_source_confirmed_pending_human_validation
ww_435fc1da4c326adae0d95d053c0b7fca,Emergent,emergent.sh,emergent.sh,https://www.linkedin.com/company/emergentlabs,0_7_days,later_stage,series_c,2026-07-15,130000000,USD,,https://www.businessinsider.com/emergent-ceo-vibe-coding-software-engineer-ai-2026-7,user_verified_exception_secondary_media,Business Insider,2026-07-15,user_verified,User confirmed the Series C; secondary reporting describes $130M at a $1.5B valuation.,official_source_confirmed_pending_human_validation
ww_76479395f3ac7f1ca4934a3b69da7f2c,FAVE,favemixes.com,favemixes.com,https://www.linkedin.com/company/favemixes,0_7_days,early,Seed,2026-07-15,1000000,USD,,https://www.prnewswire.com/news-releases/fave-raises-1-million-seed-round-led-by-supernatural-ventures-and-launches-nationwide-at-sprouts-farmers-market,company_issued_wire,PR Newswire,2026-07-15,high,"CARLSBAD, Calif., July 15, 2026 /PRNewswire/ -- FAVE, the organic drink mix brand bringing back the nostalgic flavors America grew up on, today announced a $1 million seed round led by Supernatural Ventures",official_source_confirmed_pending_human_validation
ww_d8d17e39ecb16737bbf1223762d1f950,Gauntlet Networks,gauntlet.xyz,gauntlet.xyz,https://www.linkedin.com/company/gauntlet-xyz,0_7_days,other_equity,Series C,2026-07-09,125000000,USD,,https://gauntlet.xyz/news/gauntlet-networks-raises-125-million-series-c,company_newsroom,Gauntlet Networks,2026-07-09,high,"Gauntlet Networks, Inc. today announced the close of a $125 million Series C financing led by SBI Holdings, Inc. through its U.S. subsidiary.",official_source_confirmed_pending_human_validation
ww_d1718277a8ed72d16ab410e11f6cd92e,Glacis Labs,glacislabs.com,glacislabs.com,https://www.linkedin.com/company/glacislabs,0_7_days,early,Seed,2026-07-15,6800000,USD,,https://www.prnewswire.com/news-releases/glacis-labs-raises-6-8-million-seed-round-to-scale-zerodelta-the-clearing-layer-for-digital-assets,company_issued_wire,PR Newswire,2026-07-15,high,"NEW YORK, July 15, 2026 /PRNewswire/ -- Glacis Labs, the crypto infrastructure company building the clearing layer for digital assets, today announced the close of a $6.8 million seed funding round",official_source_confirmed_pending_human_validation
ww_4b64ddaeb6fc4b9fb558981229ac6d4b,Grace Investment Machine,graceim.ai,graceim.ai,https://www.linkedin.com/company/grace-investment-machine,0_7_days,series_a_b,Series A,2026-07-09,20000000,USD,,https://www.prnewswire.com/news-releases/gim-raises-us20-million-series-a-as-agentic-investing-enters-live-execution-302821550.html,company_issued_wire,PR Newswire,2026-07-09,high,"Grace Investment Machine (""GIM""), an AI-native investment technology company building agentic systems for capital markets, today announced the close of its US$20 million Series A financing.",official_source_confirmed_pending_human_validation
ww_5fde04752282c91e0a5a6879b852ed42,Gradium,gradium.ai,gradium.ai,https://www.linkedin.com/company/gradium-ai,0_7_days,early,seed,2026-07-08,100000000,USD,,https://gradium.ai/blog/gradium-extends-funding-silicon-valley,company_newsroom,Gradium,2026-07-08,high,"Gradium extends its seed funding to $100 million, welcoming new investors including NVIDIA, and opens a San Francisco Bay Area office to scale its real-time voice AI.",official_source_confirmed_pending_human_validation
ww_08bd2ee91f004fc9ff55d3f133c52f3b,Helsing,helsing.ai,helsing.ai,https://www.linkedin.com/company/helsing,0_7_days,later_stage,Series E,2026-07-13,1800000000,USD,,https://helsing.ai,company_newsroom,Helsing,2026-07-13,high,"Munich, July 13, 2026: Helsing, Europe's leading defence AI company, today announces it has raised $1.8bn in a Series E, valuing the company at US$18bn.",official_source_confirmed_pending_human_validation
ww_0630943178d9bad6e35a51094751b5aa,HTG Medical,htgmedical.com,htgmedical.com,https://www.linkedin.com/company/htgmedical,0_7_days,other_equity,Pre-Seed,2026-07-14,450000,EUR,,https://www.einnews.com/pr_news/jic-ventures-backs-htg-medical-the-czech-medtech-automating-intensive-care-monitoring,company_issued_wire,JIC Ventures / EIN Presswire,2026-07-14,high,"JIC Ventures has joined the pre-seed round of Czech medtech startup HTG Medical... The €450,000 investment comes as the company secures European Medical Device Regulation certification",official_source_confirmed_pending_human_validation
ww_5daf89f459b90aca618ca34a7193f3c9,InstaLILY AI,instalily.ai,instalily.ai,https://www.linkedin.com/company/instalily,0_7_days,series_a_b,Series B,2026-07-14,60000000,USD,,https://www.accessnewswire.com/press-release/instalily-ai-announces-60-million-series-b,company_issued_wire,ACCESS Newswire,2026-07-14,high,"InstaLILY AI, creator of the world's first AI Forward Deployed Engineer, today announced a $60 million Series B round led by Energize Capital",official_source_confirmed_pending_human_validation
ww_4d95099930f7d94b4c2b3ed5e4a98846,Kraken Technology Group,krakentechnology.com,krakentechnology.com,https://www.linkedin.com/company/kraken-technology-group,0_7_days,series_a_b,Series B,2026-07-09,175000000,USD,,https://krakentechnology.com/news/kraken-technology-group-raises-175m-at-1bn-valuation,company_newsroom,Kraken Technology Group,2026-07-09,high,British-founded maritime defense company Kraken Technology Group has announced the closure of its Series B funding round. The raise will support Kraken's continued development of its uncrewed surface vessels.,official_source_confirmed_pending_human_validation
ww_e2b2fd7c351cc6a4c2352ff10e2dd887,Leo Cancer Care,leocancercare.com,leocancercare.com,https://www.linkedin.com/company/leocancercare,0_7_days,later_stage,Series D,2026-07-08,65000000,USD,,https://www.leocancercare.com/news/leo-cancer-care-raises-65m-series-d,company_newsroom,Leo Cancer Care,2026-07-08,high,Leo Cancer Care today announced the close of an oversubscribed $65 million Series D financing. The round was led by Silicon Valley's Yu Galaxy and welcomes new investors including Eventide Asset Management.,official_source_confirmed_pending_human_validation
ww_9b25cdd815b423c83673ba439f145f81,Linker Finance,linkerfinance.com,linkerfinance.com,https://www.linkedin.com/company/linkerfinance,0_7_days,early,Seed,2026-07-14,5000000,USD,,https://www.prnewswire.com/news-releases/linker-finance-secures-5-million-seed-to-accelerate-growth-engine-for-community-banks,company_issued_wire,PR Newswire,2026-07-14,high,"PASADENA, Calif., July 14, 2026 /PRNewswire/ -- Linker Finance, a modular platform purpose-built for community banks, today announced it has secured an additional $5 million in Seed funding",official_source_confirmed_pending_human_validation
ww_b31c0e51eefbd61d1447f14d2260c225,Lumin Digital,lumindigital.com,lumindigital.com,https://www.linkedin.com/company/lumindigital,0_7_days,later_stage,growth equity,2026-07-15,115000000,USD,,https://www.businesswire.com/news/home/20260715000000/en/Lumin-Digital-Raises-115-Million-in-New-Capital,company_issued_wire,Business Wire,2026-07-15,high,"Lumin Digital today announced more than $70 million in new investment from clients. This follows a recent $45 million growth equity financing led by Light Street Capital, totaling more than $115 million.",official_source_confirmed_pending_human_validation
ww_b566ea04e0d9db7c7df13c7d54b4fd64,Monumental,monumental.co,monumental.co,https://www.linkedin.com/company/monumentalco,0_7_days,other_equity,Series B,2026-07-15,32000000,USD,,https://www.monumental.co/news/announcing-our-32-million-series-b,company_newsroom,Monumental,2026-07-15,high,"Today we're announcing a $32 million Series B, led by Khosla Ventures with our existing investors Hummingbird, Plural, and others alongside.",official_source_confirmed_pending_human_validation
ww_cd78db116daaf16c639a8796d4dae9bf,MountainSeed,mountainseed.com,mountainseed.com,https://www.linkedin.com/company/mountainseed,0_7_days,later_stage,growth equity,2026-07-09,38000000,USD,,https://www.globenewswire.com/news-release/2026/07/09/MountainSeed-Secures-38-Million-Growth-Investment-From-Long-Ridge-Equity-Partners.html,company_issued_wire,GlobeNewswire,2026-07-09,high,"MountainSeed announced today the completion of a $38 million minority investment from Long Ridge Equity Partners, a growth equity firm with deep expertise in financial and business technology.",official_source_confirmed_pending_human_validation
ww_565e9b9e3fc83e37b0e6d6ca79efb32d,Neko Health,nekohealth.com,nekohealth.com,https://www.linkedin.com/company/nekohealth,0_7_days,later_stage,Series C,2026-07-15,700000000,USD,,https://www.nekohealth.com,company_newsroom,Neko Health,2026-07-15,high,"LONDON/STOCKHOLM - WEDNESDAY JULY 15, 2026... Neko Health... today announced the completion of its $700 million Series C funding round.",official_source_confirmed_pending_human_validation
ww_720ce59a9f20e7bfadc85555b161054d,Nopan,nopan.com,nopan.com,https://www.linkedin.com/company/nopan,0_7_days,other_equity,,2026-07-14,,,,https://nopan.com/news/nopan-raises-7-2-million,company_newsroom,Nopan,2026-07-14,high,"Nopan, the performance platform for account and wallet payments, today announced that it has raised €7.2 million to date, including a new funding round led by Newion",official_source_confirmed_pending_human_validation
ww_fab9bb4aa335f005731062f3e006908c,Ollama,ollama.com,ollama.com,https://www.linkedin.com/company/ollama,0_7_days,other_equity,,2026-07-09,88000000,USD,,https://ollama.com/blog/all-aboard-open-models,company_newsroom,Ollama,2026-07-09,high,"Serving 8.9 million developers, Ollama has raised $88M from Benchmark, Theory Ventures, 8VC, Y Combinator, and many incredible angel investors.",official_source_confirmed_pending_human_validation
ww_5bb73d343dcf32fd34b59a8fcbd32d3f,PixVerse,pixverse.ai,app.pixverse.ai/onboard,https://www.linkedin.com/company/pixverse,0_7_days,later_stage,Series C,2026-07-13,439000000,USD,,https://www.businesswire.com/news/home/20260713137347/en/,company_issued_wire,Business Wire,2026-07-13,high,"PixVerse, a global AI video generation platform, today announced the completion of its Series C extension, bringing total Series C fundraising to USD 439 million.",official_source_confirmed_pending_human_validation
ww_24fea5b9eac59861b8b37287ee55087e,Prime Intellect,primeintellect.ai,primeintellect.ai,https://www.linkedin.com/company/primeintellect-ai,0_7_days,series_a_b,Series A,2026-07-08,130000000,USD,,https://www.primeintellect.ai/blog/series-a,company_newsroom,Prime Intellect,2026-07-08,high,"Today, we're announcing that we've raised $130M, led by Radical Ventures, with participation from NVIDIA Ventures, Intel Capital, Dell Technologies Capital",official_source_confirmed_pending_human_validation
ww_f7f21360922a153f4a22ca1ef2d44246,Project Q,project-q.ai,project-q.ai,https://www.linkedin.com/company/project-q-gmbh,0_7_days,series_a_b,Series A,2026-07-14,15000000,EUR,,https://heliad.com/highlights/european-defense-tech-company-project-q-raises-e15m-to-further-develop-its-open-source-platform-hydris,investor_announcement,Heliad,2026-07-14,high,"Just eleven months after its seed funding round, the European defense tech company Project Q successfully closed a Series A funding round of €15m in June.",official_source_confirmed_pending_human_validation
ww_55e14de42cfd33cc67ecfa296aa19b47,Ravee Optics,raveeoptics.com,raveeoptics.com,https://www.linkedin.com/company/raveeoptics,0_7_days,early,Seed,2026-07-13,6000000,USD,,https://www.businesswire.com/news/home/20260713438881/en/,company_issued_wire,Business Wire,2026-07-13,high,"DAYTON, Ohio--(BUSINESS WIRE)--July 13, 2026--... Ravee today announced an oversubscribed $6 million funding round led by BIG Capital",official_source_confirmed_pending_human_validation
ww_2a43c4686799e85efb30c0eaafc90114,Keyper,realkeyper.com,realkeyper.com,https://www.linkedin.com/company/realkeyper,0_7_days,series_a_b,Series A,2026-07-08,11000000,USD,,https://www.zawya.com/en/press-release/companies-news/keyper-raises-us11mln-series-a-to-scale-monthly-rent-payments-and-digital-real-estate-infrastructure-across-the-uae,company_issued_wire,Zawya,2026-07-08,high,"Keyper, the UAE-based proptech company transforming how people rent, manage and own residential property, has raised US$11 million in a Series A funding round led by Speedinvest",official_source_confirmed_pending_human_validation
ww_20d00167f18f6d37a6388b551d7cd2b5,Rime,rime.ai,rime.ai,https://www.linkedin.com/company/rime-ai,0_7_days,series_a_b,Series A,2026-07-15,24000000,USD,,https://www.businesswire.com/news/home/20260715/Rime-Raises-24-Million-Series-A,company_issued_wire,Business Wire,2026-07-15,high,"Rime, the leading enterprise voice AI platform, today announced it has raised $24 million in Series A funding led by M13",official_source_confirmed_pending_human_validation
ww_bba8720448c43549cd0f9ecf795e14ba,Risk Ledger,riskledger.com,riskledger.com,https://www.linkedin.com/company/risk-ledger,0_7_days,series_a_b,Series B,2026-07-15,24000000,GBP,,https://riskledger.com/company/risk-ledger-secures-24-million-in-series-b-funding,company_newsroom,Risk Ledger,2026-07-15,high,We are delighted to announce that we have raised £24 million in Series B funding to move organisations beyond traditional third-party risk management and towards Active Supply Chain Security.,official_source_confirmed_pending_human_validation
ww_3986d001ab0c3fc668b42981df0a73c9,SambaNova Systems,sambanova.ai,sambanova.ai,https://www.linkedin.com/company/sambanova,0_7_days,later_stage,Series F,2026-07-08,1000000000,USD,,https://www.businesswire.com/news/home/20260708000000/en/SambaNova-Completes-First-Close-of-1-Billion-Financing-at-11-Billion-Valuation,company_issued_wire,Business Wire,2026-07-08,high,"SambaNova today announced it has completed the first close of $1 billion in strategic financing as part of a Series F round, valuing the company at $11 billion post money.",official_source_confirmed_pending_human_validation
ww_e7effef606a3ec4ba831e8567110578c,Sodex Innovations,sodex-innovations.com,sodex.at,https://www.linkedin.com/company/sodex-innovations,0_7_days,other_equity,,2026-07-13,4000000,EUR,,https://sodex-innovations.com/news/sodex-innovations-secures-4m-to-bring-real-time-intelligence-to-construction-sites,company_newsroom,Sodex Innovations,2026-07-13,high,"Sodex Innovations Secures €4M to Bring Real-Time Intelligence to Construction Sites. July 13, 2026.",official_source_confirmed_pending_human_validation
ww_15ff25b5188222c73e844cf3a0e43be3,Spectro Cloud,spectrocloud.com,spectrocloud.com,https://www.linkedin.com/company/spectro-cloud,0_7_days,later_stage,Series D,2026-07-15,100000000,USD,,https://www.spectrocloud.com/news/spectro-cloud-raises-100-million-series-d,company_newsroom,Spectro Cloud,2026-07-15,high,"Spectro Cloud, a leading provider of AI infrastructure management software, today announced it has raised more than $100 million in an oversubscribed Series D funding round led by Growth Equity at Goldman Sachs Alternatives.",official_source_confirmed_pending_human_validation
ww_b567b5bb7ee501f634e9a8d053d1b970,TYLsemi,tylsemi.ai,tylsemi.ai,https://www.linkedin.com/company/tylsemi,0_7_days,other_equity,seed,2026-07-14,43000000,USD,,https://www.prnewswire.com/news-releases/tylsemi-raises-43-million-to-launch-first-full-stack-chiplet-platform-for-custom-ai-silicon-302196000.html,company_issued_wire,PR Newswire,2026-07-14,high,TYLsemi emerged from stealth and announced the closing of an oversubscribed $43 million early-stage funding round to accelerate the development of AI infrastructure.,official_source_confirmed_pending_human_validation
ww_6e20da781b52ff31c47e76238f9c18d8,Udaan,udaan.com,udaan.com/org/orgkw6zjgd8sbdyp4pt98ply1kwxv,https://www.linkedin.com/company/the-perfect-inch,0_7_days,other_equity,,2026-07-14,160000000,USD,,https://udaan.com/blog/udaan-announces-usd-160-million-financing,company_newsroom,Udaan,2026-07-14,medium,"udaan, India's leading eB2B platform, today announced a proposed financial transaction of approximately USD 160 Million comprising fresh equity, new debt and debt-to-equity conversion.",official_source_confirmed_pending_human_validation
ww_6ccc4cb83d08d6ddbc40a3fa21ef88cb,Velocity,velocity.xyz,velocity.xyz,https://www.linkedin.com/company/velocityxyz,0_7_days,other_equity,Series A,2026-07-14,38000000,USD,,https://velocity.xyz/blog/velocity-raises-38-million-series-a,company_newsroom,Velocity,2026-07-14,high,"Velocity, the stablecoin treasury and settlement platform bringing enterprises onchain, today announced a $38 million Series A round led by Dragonfly and FirstMark",official_source_confirmed_pending_human_validation
ww_808cf74cc7173780fd15cb41cf1a9181,Vendelux,vendelux.com,vendelux.com,https://www.linkedin.com/company/vendelux,0_7_days,other_equity,Series B,2026-07-08,50000000,USD,,https://firstmark.com/vendelux-raises-50m-series-b-to-bring-ai-led-intelligence-to-b2b-events/,investor_announcement,FirstMark Capital,2026-07-08,high,"Today, we're thrilled to share that Vendelux has raised a $50M Series B, led by our friends at Tribeca Venture Partners, with continued participation from FirstMark.",official_source_confirmed_pending_human_validation
ww_ad6bc51e0fb4ee6b5c962854234445b5,Visibuilt,visibuilt.com,visibuilt.com,https://www.linkedin.com/company/visibuilt,0_7_days,other_equity,Seed,2026-07-13,3340000,EUR,,https://visibuilt.com/news/visibuilt-raises-eur-3-34-million-to-bring-biobased-binders-closer-to-market,company_newsroom,Visibuilt,2026-07-13,high,"Visibuilt, a Danish biotechnology company developing biobased alternatives to conventional carbon-intensive construction binders, has secured EUR 3.34 million in seed funding",official_source_confirmed_pending_human_validation
